Workbook

Sheet Tracing New Correction
A1: CT | B1: FRAME PID | C1: INVOICE | D1: Pid.invoice | E1: ISSUE | F1: PERCENTAGE | G1: FRAME TYPE | H1: A | I1: B | J1: CIRC R | K1: CIRC L | L1: AFTER | M1: A1 | N1: B1 | O1: CIRC R1 | P1: CIRC L1 | Q1: REMARK | R1: DONE BY
A2: 46195.868 | B2: 241187 | C2: IN26034K | D2: =B2&"."&C2 -> 241187.IN26034K | E2: SMALL | F2: 0.013 | G2: FULL RIM | H2: 49.8 | I2: 38.95 | J2: 148.15 | K2: 148.37 | L2: TRACING | M2: 49.96 | N2: 39.15 | O2: 148.64 | P2: 148.25 | Q2: SMALL | R2: AMIRUN
A3: 46198 | B3: 220126 | C3: H2630 | D3: 220126.H2630 | E3: W/SHAPE | F3: 0.0714 | G3: FULL RIM | H3: 53.11 | I3: 31.73 | J3: 146.81 | K3: 147.16 | L3: TRACING | M3: 53.34 | N3: 32.2 | O3: 147.97 | P3: 147.21 | Q3: W/SHAPE | R3: ANJALI
A4: 46198.424 | B4: 217022 | C4: CIN-000001644019 | D4: 217022.CIN-000001644019 | E4: SMALL | F4: 0.129 | G4: FULL RIM | H4: 52.69 | I4: 41.36 | J4: 160.11 | K4: 160.11 | L4: TRACING | M4: 53.11 | N4: 41.63 | O4: 160.8 | P4: 160.77 | Q4: SMALL | R4: ANJALI
A5: 46198.426 | B5: 241210 | C5: .IN26037D | D5: 241210.IN26037D | E5: SMALL | F5: 0.06 | G5: FULL RIM | H5: 50 | I5: 38.96 | J5: 148.11 | K5: 148.11 | L5: TRACING | M5: 50.11 | N5: 39.28 | O5: 148.78 | P5: 148.78 | Q5: SMALL | R5: ANJALI
A6: 46199.402 | B6: 137935 | C6: FS2605A | D6: 137935.FS2605A | E6: SMALL | F6: 0.095 | G6: FULL RIM | H6: 53.49 | I6: 38.5 | J6: 148.44 | K6: 148.82 | L6: TRACING | M6: 53.51 | N6: 38.98 | O6: 149.29 | P6: 149.12 | Q6: SMALL | R6: ANJALI
A7: 46199.406 | B7: 239839 | D7: =B7&"."&C7 -> 239839. | E7: SMALL | F7: 0.109 | G7: FULL RIM | H7: 53.82 | I7: 36.01 | J7: 154.03 | K7: 153.97 | L7: TRACING | M7: 53.6 | N7: 36.39 | O7: 154.47 | P7: 154.28 | Q7: SMALL | R7: ANJALI
A8: 46199.409 | B8: 224781 | C8: IN24062K | D8: 224781.IN24062K | E8: SMALL | F8: 0.5 | G8: FULL RIM | H8: 52.68 | I8: 42.5 | J8: 155.8 | K8: 155.8 | L8: TRACING | M8: 52.62 | N8: 42.78 | O8: 155.79 | P8: 155.29 | Q8: SMALL | R8: ANJALI
A9: 46199.453 | B9: 149862 | C9: LM2622 | D9: 149862.LM2622 | E9: SMALL | F9: 0.073 | G9: FULL RIM | H9: 46.31 | I9: 35.38 | J9: 136 | K9: 136.03 | L9: TRACING | M9: 46.38 | N9: 35.62 | O9: 136.61 | P9: 136.67 | Q9: SMALL | R9: ANJALI
A10: 46199.457 | B10: 204342 | C10: LM2620 | D10: 204342.LM2620 | E10: SMALL | F10: 0.115 | G10: FULL RIM | H10: 46.52 | I10: 39.07 | J10: 137.64 | K10: 137.68 | L10: TRACING | M10: 46.13 | N10: 39.18 | O10: 137.06 | P10: 137.12 | Q10: SMALL | R10: ANJALI
A11: 46199.464 | B11: 242242 | C11: KC078260402 | D11: 242242.KC078260402 | E11: SMALL | F11: 0.012 | G11: FULL RIM | H11: 53.4 | I11: 38.49 | J11: 150.42 | K11: 150.42 | L11: TRACING | M11: 53.32 | N11: 38.51 | O11: 150.86 | P11: 150.73 | Q11: SMALL | R11: ANJALI
A12: 46199.466 | B12: 211307 | D12: =B12&"."&C12 -> 211307. | E12: SMALL | F12: 0.2 | G12: FULL RIM | H12: 52.62 | I12: 37.76 | J12: 145.67 | K12: 145.78 | L12: TRACING | M12: 52.41 | N12: 37.61 | O12: 145.43 | P12: 144.84 | Q12: SMALL | R12: ANJALI
A13: 46199.539 | B13: 219829 | C13: LSK20260528-A1 | D13: 219829.LSK20260528-A1 | E13: BIG | F13: 0.065 | G13: FULL RIM | H13: 54.48 | I13: 41.95 | J13: 161.8 | K13: 161.88 | L13: TRACING | M13: 54.33 | N13: 41.86 | O13: 161.52 | P13: 161.52 | Q13: BIG | R13: ANJALI
A14: 46202.656 | C14: CT39267 | D14: 241185.IN26034J | E14: SMALL | F14: 0.013 | G14: FULL RIM | H14: 50.03 | I14: 38.96 | J14: 148.3 | K14: 148.24 | L14: TRACING | M14: 50.05 | N14: 39.18 | O14: 148.59 | P14: 148.42 | Q14: SMALL | R14: AMIRUN
A15: 46203.642 | D15: 134949.IN026050803D | E15: SMALL | G15: HALF RIM | H15: 56.15 | I15: 45.43 | J15: 169.6 | K15: 169.6 | L15: TRACING | M15: 56.59 | N15: 45.5 | O15: 170.54 | P15: 170.54 | Q15: SMALL | R15: AMIRUN
A16: 46203.724 | C16: 0 | D16: 134949.IN026051603B | E16: SMALL | G16: HALF RIM | H16: 55.94 | I16: 45.62 | J16: 169.42 | K16: 169.42 | L16: TRACING | M16: 56.29 | N16: 45.89 | O16: 170.56 | P16: 170.56 | Q16: SMALL | R16: AMIRUN
A17: 46207.291 | D17: 146619.26WLS-170B | E17: SMALL | G17: FULL RIM | H17: 49.3 | I17: 43.97 | J17: 152 | K17: 147.27 | L17: TRACING | M17: 49.29 | N17: 43.7 | O17: 151.98 | P17: 151.99 | Q17: SMALL | R17: AMIRUN
A18: 46207.432 | D18: 242763.IN26032K | E18: SMALL | G18: FULL RIM | H18: 49.84 | I18: 39.2 | J18: 148.23 | K18: 148.22 | L18: TRACING | M18: 50.09 | N18: 39.41 | O18: 148.98 | P18: 148.68 | Q18: SMALL | R18: AMIRUN
A19: 46210.774 | D19: 207481.IHR127B2C0001820 | E19: SMALL | G19: FULL RIM | H19: 50.84 | I19: 42.86 | J19: 153.97 | K19: 153.66 | L19: TRACING | M19: 51.5 | N19: 42.81 | O19: 155.12 | P19: 154.28 | Q19: SMALL | R19: AMIRUN
A20: 46210.776 | D20: 238613.CIN-000001387618 | E20: SMALL | G20: FULL RIM | H20: 50.58 | I20: 42.87 | J20: 152.23 | K20: 152.27 | L20: TRACING | M20: 49.7 | N20: 42.49 | O20: 150.4 | P20: 150.33 | Q20: SMALL | R20: AMIRUN
A21: 46241 | D21: 234800.IRJ127B2C0000209 | E21: SMALL | G21: FULL RIM | H21: 47.1 | I21: 41.49 | J21: 144.13 | K21: 144.13 | L21: TRACING | M21: 48.69 | N21: 42.23 | O21: 147.41 | P21: 146.47 | Q21: SMALL | R21: DEVENDRA
A22: 46212.781 | D22: 241132 | E22: SMALL | G22: FULL RIM | H22: 55.88 | I22: 46.66 | J22: 169.75 | K22: 169.62 | L22: TRACING | M22: 56.44 | N22: 46.8 | O22: 171.27 | P22: 170.83 | Q22: SMALL | R22: AMIRUN
A23: 46214.769 | D23: 207481.IN26034L | E23: SMALL | G23: FULL RIM | H23: 50.61 | I23: 42.89 | J23: 153.59 | K23: 153.93 | L23: TRACING | M23: 50.78 | N23: 43.07 | O23: 153.87 | P23: 153.75 | Q23: SMALL | R23: AMIRUN
A24: 46214.77 | D24: 149861.LM2622C | E24: SMALL | G24: FULL RIM | H24: 44.26 | I24: 36.87 | J24: 131.02 | K24: 130.39 | L24: TRACING | M24: 44.4 | N24: 37.1 | O24: 131.52 | P24: 131.57 | Q24: SMALL | R24: AMIRUN
A25: 46214.788 | D25: 234796 | E25: BIG | G25: FULL RIM | H25: 50.22 | I25: 46.92 | J25: 158.2 | K25: 158.2 | L25: TRACING | M25: 49.12 | N25: 43.7 | O25: 151.74 | P25: 151.86 | Q25: BIG | R25: AMIRUN
A26: 46214.911 | D26: 241097.IRJ127B2C0001228 | E26: BIG | G26: FULL RIM | H26: 53.5 | I26: 41.89 | J26: 157.19 | K26: 156.95 | L26: TRACING | M26: 53.29 | N26: 41.5 | O26: 156.17 | P26: 155.84 | Q26: BIG | R26: AMIRUN
A27: 46214.927 | D27: 220376 | E27: W/SHAPE | G27: FULL RIM | H27: 54.93 | I27: 49.26 | J27: 169.96 | K27: 170.19 | L27: TRACING | M27: 54.93 | N27: 49.26 | O27: 169.96 | P27: 170.19 | Q27: W/SHAPE | R27: AMIRUN
A28: 14-07-2026 | D28: 234796.CIN-000001467074 | E28: BIG | G28: FULL RIM | H28: 50.15 | I28: 46.93 | J28: 158.2 | K28: 158.14 | L28: TRACING | M28: 48.79 | N28: 43.6 | O28: 151.49 | P28: 151.49 | Q28: BIG | R28: DEVENDRA
A29: 46217.754 | D29: 207671 | E29: BIG | G29: FULL RIM | H29: 52.13 | I29: 42.76 | J29: 155.98 | K29: 153.59 | L29: TRACING | M29: 50.81 | N29: 42.89 | O29: 153.64 | P29: 153.75 | Q29: BIG | R29: DEVENDRA
A30: 46217.869 | D30: 228997.FKS26199O | E30: W/SHAPE | G30: FULL RIM | H30: 52.73 | I30: 36.4 | J30: 151.68 | K30: 151.52 | L30: TRACING | M30: 52.73 | N30: 36.42 | O30: 151.74 | P30: 151.74 | Q30: W/SHAPE | R30: AMIRUN
A31: 46217.872 | D31: 206728.FKS26191F | E31: W/SHAPE | G31: FULL RIM | H31: 50.78 | I31: 34.55 | J31: 146.94 | K31: 146.97 | L31: TRACING | M31: 50.66 | N31: 34.74 | O31: 146.27 | P31: 146.27 | Q31: W/SHAPE | R31: AMIRUN
A32: 46218.658 | D32: 243247.FKS26166F | E32: W/SHAPE | G32: FULL RIM | H32: 53.99 | I32: 41.37 | J32: 154.02 | K32: 154.59 | L32: TRACING | M32: 54.06 | N32: 40.97 | O32: 153.47 | P32: 154.32 | Q32: W/SHAPE | R32: DEVENDRA
A33: 46218.673 | D33: 222575.FKS26200G | E33: BIG | G33: FULL RIM | H33: 53.4 | I33: 43.26 | J33: 159.7 | K33: 159.7 | L33: TRACING | M33: 53.42 | N33: 42.82 | O33: 158.75 | P33: 158.56 | Q33: BIG | R33: DEVENDRA
A34: 46218.736 | D34: 206126.FKS26201B | E34: BIG | G34: FULL RIM | H34: 52.91 | I34: 42.04 | J34: 157.86 | K34: 157.99 | L34: TRACING | M34: 52.8 | N34: 41.67 | O34: 157.19 | P34: 156.91 | Q34: BIG | R34: DEVENDRA
A35: 46218.739 | D35: 234796.CIN-000001462531 | E35: SMALL | G35: FULL RIM | H35: 49.13 | I35: 43.95 | J35: 152.57 | K35: 152.03 | L35: TRACING | M35: 50.46 | N35: 46.51 | O35: 157.78 | P35: 157.82 | Q35: SMALL | R35: DEVENDRA
A36: 46218.902 | D36: 225336.IRJ126B2C00013 | E36: SMALL | G36: FULL RIM | H36: 47.2 | I36: 40.78 | J36: 142.81 | K36: 142.81 | L36: TRACING | M36: 47.77 | N36: 40.82 | O36: 143.57 | P36: 143.96 | Q36: SMALL | R36: DEVENDRA
A37: 46221.19 | D37: 207671 | E37: SMALL | G37: FULL RIM | H37: 50.81 | I37: 42.89 | J37: 153.64 | K37: 153.75 | L37: TRACING | M37: 51.55 | N37: 43.66 | O37: 156.05 | P37: 156 | Q37: SMALL | R37: DHAVAL
A38: 46221.749 | D38: 207375.FKS26109G | E38: SMALL | G38: FULL RIM | H38: 53.08 | I38: 43.67 | J38: 161.39 | K38: 161.08 | L38: TRACING | M38: 52.79 | N38: 43.89 | O38: 161.32 | P38: 161.02 | Q38: SMALL | R38: AMIRUN
D39: 234796.CIN-000001467074 | E39: SMALL | G39: FULL RIM | H39: 48.79 | I39: 43.6 | J39: 151.49 | K39: 151.49 | L39: TRACING | M39: 49.81 | N39: 47.29 | O39: 158.13 | P39: 158.24 | Q39: SMALL | R39: AMIRUN
A40: 46221.759 | D40: 206132.FKS26185B | E40: BIG | G40: FULL RIM | H40: 53.58 | I40: 43.19 | J40: 160.9 | K40: 161.02 | L40: TRACING | M40: 53.3 | N40: 42.67 | O40: 160.01 | P40: 159.9 | Q40: BIG | R40: AMIRUN
A41: 46221.761 | D41: 146012.H2556 | E41: SMALL | G41: FULL RIM | H41: 54.38 | I41: 41.08 | J41: 160.91 | K41: 160.61 | L41: TRACING | M41: 53.62 | N41: 40.95 | O41: 158.77 | P41: 158.77 | Q41: SMALL | R41: AMIRUN
A42: 46221.769 | D42: 201100.26WLS-271B | E42: SMALL | G42: FULL RIM | H42: 52.68 | I42: 39.56 | J42: 155.61 | K42: 155.73 | L42: TRACING | M42: 52.38 | N42: 40.42 | O42: 156.76 | P42: 156.82 | Q42: SMALL | R42: AMIRUN
A43: 46221.771 | D43: 236913.CIN-000000706524 | E43: SMALL | G43: FULL RIM | H43: 52.3 | I43: 39.7 | J43: 155.27 | K43: 155.41 | L43: TRACING | M43: 52.37 | N43: 40.43 | O43: 156.72 | P43: 156.76 | Q43: SMALL | R43: AMIRUN
A44: 46221.787 | D44: 222575.FKS26199F | E44: BIG | G44: FULL RIM | H44: 53.59 | I44: 43.06 | J44: 159.71 | K44: 159.64 | L44: TRACING | M44: 53.21 | N44: 42.71 | O44: 158.57 | P44: 158.55 | Q44: BIG | R44: AMIRUN
A45: 46222.552 | D45: 150798.ZD260004A | E45: SMALL | G45: FULL RIM | H45: 50.75 | I45: 43.35 | J45: 153.37 | K45: 153.45 | L45: TRACING | M45: 50.61 | N45: 43.5 | O45: 153.45 | P45: 153.4 | Q45: SMALL
A46: 46222.556 | D46: 208956.IHR127B2C0002662 | E46: SMALL | G46: FULL RIM | H46: 50.67 | I46: 43.02 | J46: 153.92 | K46: 153.58 | L46: TRACING | M46: 51.01 | N46: 43.46 | O46: 154.92 | P46: 154.39 | Q46: SMALL
A47: 46222.559 | D47: 241210.IN26038C | E47: SMALL | G47: FULL RIM | H47: 49.99 | I47: 39.29 | J47: 148.25 | K47: 148.26 | L47: TRACING | M47: 50.5 | N47: 39.5 | O47: 148.25 | P47: 149.62 | Q47: SMALL
A48: 46222.568 | D48: 234791 | E48: SMALL | G48: FULL RIM | H48: 49.77 | I48: 42.09 | J48: 149.04 | K48: 149.62 | L48: TRACING | M48: 49.91 | N48: 42.64 | O48: 150.18 | P48: 150.07 | Q48: SMALL
A49: 46222.576 | D49: 227450.263044-E | E49: SMALL | G49: FULL RIM | H49: 53.79 | I49: 42.16 | J49: 161.52 | K49: 161.55 | L49: TRACING | M49: 53.81 | N49: 42.56 | O49: 162.33 | P49: 162.5 | Q49: SMALL
A50: 46224.112 | D50: 208272.IHR127B2C0002726 | E50: SMALL | G50: FULL RIM | H50: 50.85 | I50: 42.83 | J50: 153.86 | K50: 153.55 | L50: TRACING | M50: 51.46 | N50: 43.03 | O50: 155.28 | P50: 154.7 | Q50: SMALL | R50: DHAVAL
A51: 46224.162 | D51: 208956.IHR127B2C0002656 | E51: SMALL | G51: FULL RIM | H51: 50.66 | I51: 43.02 | J51: 153.77 | K51: 153.58 | L51: TRACING | M51: 50.98 | N51: 43.59 | O51: 155 | P51: 154.7 | Q51: SMALL | R51: DHAVAL
A52: 46225.352 | D52: 231942.IHR127B2C0002485 | E52: SMALL | G52: FULL RIM | H52: 50.67 | I52: 42.74 | J52: 153.41 | K52: 153.61 | L52: TRACING | M52: 51.16 | N52: 43.49 | O52: 155.32 | P52: 154.94 | Q52: SMALL
A53: 46225.692 | D53: 236911 | G53: FULL RIM | H53: 50.49 | I53: 40.14 | J53: 152.14 | K53: 152.14 | L53: TRACING | M53: 51.29 | N53: 40.84 | O53: 154.07 | P53: 154.22 | Q53: SMALL | R53: AMIRUN
A54: 46226.463 | D54: 225336 | E54: SMALL | G54: FULL RIM | H54: 47.78 | I54: 40.82 | J54: 143.56 | K54: 143.56 | L54: TRACING | M54: 47.96 | N54: 41.83 | O54: 145.84 | P54: 145.75 | Q54: SMALL | R54: AMIRUN
A55: 46226.784 | D55: 150584.IN26039P | G55: FULL RIM | H55: 55.19 | I55: 34.61 | J55: 156.15 | K55: 155.18 | L55: TRACING | M55: 55.07 | N55: 34.55 | O55: 155.94 | P55: 155.11 | Q55: W/SHAPE
A56: 46228.209 | D56: 234791.IRJ127B2C0001369 | E56: SMALL | G56: FULL RIM | H56: 52.2 | I56: 42.33 | J56: 153.07 | K56: 150.32 | L56: TRACING | M56: 50.05 | N56: 42.32 | O56: 149.77 | P56: 149.77 | Q56: SMALL | R56: DHAVAL
A57: 46228.212 | D57: 220988.CL2024017A | G57: FULL RIM | H57: 57.65 | I57: 46.51 | J57: 182.76 | K57: 183.16 | L57: TRACING | M57: 57.62 | N57: 46.55 | O57: 183.48 | P57: 182.5 | Q57: BIG | R57: DHAVAL
A58: 46228.216 | D58: 215403.KC078260402B | G58: FULL RIM | H58: 53.29 | I58: 38.9 | J58: 150.33 | K58: 150.4 | L58: TRACING | M58: 53.26 | N58: 38.2 | O58: 150.52 | P58: 150.49 | Q58: SMALL | R58: DHAVAL
A59: 46228.362 | D59: 207481.IHR127B2C0001875 | G59: FULL RIM | H59: 50.88 | I59: 42.77 | J59: 153.86 | K59: 153.67 | L59: TRACING | M59: 51.35 | N59: 42.6 | O59: 154.64 | P59: 154.04
A60: 46228.365 | D60: 137974.FKS26209D | G60: FULL RIM | H60: 53.27 | I60: 40.59 | J60: 155.4 | K60: 155.29 | L60: TRACING | M60: 52.79 | N60: 40.49 | O60: 154.13 | P60: 153.82
A61: 46228.713 | D61: 210178.FKS26174C | E61: smLL | G61: FULL RIM | H61: 54.4 | I61: 34.54 | J61: 152.55 | K61: 152.55 | L61: TRACING | M61: 56.7 | N61: 56.7 | O61: 159.2 | P61: 159.23 | Q61: small | R61: AMIRUN
A62: 46229.992 | D62: 146653 | E62: SMALL | G62: FULL RIM | H62: 50.69 | I62: 36.13 | J62: 146.8 | K62: 147.17 | L62: TRACING | M62: 50.69 | N62: 36.26 | O62: 147.15 | P62: 147.21 | R62: AMIRUN
A63: 46232 | D63: 149844.LM2631 | E63: BIG | G63: FULL RIM | H63: 46.96 | I63: 39.32 | J63: 139.19 | K63: 139.19 | L63: TRACING | M63: 46.35 | N63: 39.23 | O63: 138.06 | P63: 137.76 | Q63: BIG | R63: AMIRUN
D64: 206775.WMW26YFS0127A | E64: SMALL | G64: FULL RIM | H64: 55.64 | L64: TRACING | M64: 47.96 | N64: 42.38 | O64: 146.36 | P64: 146.59 | Q64: SMALL | R64: AMIRUN
A65: 46232.701 | D65: 247079.IRJ127B2C0001432 | E65: BIG | G65: FULL RIM | H65: 55.64 | I65: 35.12 | J65: 150.56 | K65: 150.68 | L65: TRACING | M65: 55.6 | N65: 34.2 | O65: 148.93 | P65: 148.77 | Q65: BIG | R65: AMIRUN
A66: 46232.705 | D66: 151889.LK260501 | E66: SMALL | G66: FULL RIM | H66: 47.08 | I66: 42.73 | J66: 143.11 | K66: 143.11 | L66: TRACING | M66: 47.28 | N66: 43.29 | O66: 147.76 | P66: 147.51 | Q66: SMALL | R66: AMIRUN
A67: 46232.758 | D67: 227571.26Y079 | E67: SMALL | G67: FULL RIM | H67: 50.5 | I67: 42.2 | J67: 153.89 | K67: 152.71 | L67: TRACING | M67: 49.96 | N67: 42.73 | O67: 153.7 | P67: 153.56 | Q67: SMALL | R67: AMIRUN
A68: 46232.897 | D68: 234769.IRJ127B2C0001392 | E68: W/SHAPE | G68: FULL RIM | H68: 57.34 | I68: 37.98 | J68: 162.99 | K68: 162.94 | L68: TRACING | M68: 55.6 | N68: 39.45 | O68: 161.82 | P68: 161.82 | Q68: W/SHAPE | R68: AMIRUN
A69: 46233.137 | D69: 234791 | E69: SMALL | G69: FULL RIM | H69: 49.91 | I69: 42.64 | J69: 150.18 | K69: 150.07 | L69: TRACING | M69: 51.59 | N69: 43.83 | O69: 155.13 | P69: 155.18 | Q69: SMALL | R69: AMIRUN
A70: 46233.574 | D70: 227035.26Y079 | E70: SMALL | G70: FULL RIM | H70: 52.95 | I70: 38.88 | J70: 155.54 | K70: 155.34 | L70: TRACING | M70: 54.17 | N70: 40.15 | O70: 159.25 | P70: 159.07 | Q70: SMALL | R70: AMIRUN
A71: 46234.447 | D71: 210433.FKS26145M | E71: W/SHAPE | G71: FULL RIM | H71: 52.9 | I71: 34.89 | J71: 148.45 | K71: 147.42 | L71: TRACING | M71: 52.01 | N71: 34.77 | O71: 147.14 | P71: 147.07 | Q71: W/SHAPE | R71: AMIRUN
A72: 46234.45 | D72: 241091.IRJ127B2C0001669 | E72: W/SHAPE | G72: FULL RIM | H72: 53.79 | I72: 43.18 | J72: 159.98 | K72: 162.51 | L72: TRACING | M72: 53.81 | N72: 43.04 | O72: 159.27 | P72: 159.36 | Q72: W/SHAPE | R72: AMIRUN
A73: 46234.596 | D73: 234804.IRJ127B2C0001660 | E73: SMALL | G73: FULL RIM | H73: 50.22 | I73: 41.94 | J73: 148.67 | K73: 149.37 | L73: TRACING | M73: 50.49 | N73: 42.22 | O73: 150.28 | P73: 150.23 | Q73: SMALL | R73: AMIRUN
A74: 46235.371 | D74: 146622.26WLS-332E | E74: BIG | G74: FULL RIM | H74: 51.13 | I74: 46.7 | J74: 160.78 | K74: 161.54 | L74: TRACING | M74: 50.69 | N74: 46.42 | O74: 159.77 | P74: 159.66 | Q74: BIG | R74: AMIRUN
A75: 46235.854 | D75: 207671.IHR127B2C0002885 | E75: BIG | G75: FULL RIM | H75: 52.16 | I75: 45.07 | J75: 158.11 | K75: 157.89 | L75: TRACING | M75: 51.54 | N75: 44.08 | O75: 156.05 | P75: 156.09 | Q75: BIG | R75: ADITI
A76: 46237.732 | D76: 239839.CIN-000001093608 | E76: BIG | G76: FULL RIM | H76: 53.88 | I76: 36.27 | J76: 154.76 | K76: 154.25 | L76: TRACING | M76: 53.62 | N76: 36.13 | O76: 153.91 | P76: 153.91 | Q76: BIG | R76: ADITI
A77: 46238.064 | D77: 234791 | E77: BIG | G77: HALF RIM | H77: 51.68 | I77: 43.95 | J77: 155.13 | K77: 155.18 | L77: TRACING | M77: 50.1 | N77: 42.67 | O77: 150.28 | P77: 150.33 | Q77: BIG | R77: DHAVAL
A78: 46238.684 | D78: 206775.WMW26YFS0128D | E78: SMALL | G78: FULL RIM | H78: 48.11 | I78: 42.43 | J78: 146.5 | K78: 146.83 | L78: TRACING | M78: 48.19 | N78: 42.79 | O78: 147.5 | P78: 147.5 | Q78: SMALL | R78: ADITI
A79: 46238.749 | D79: 241119.IRJ127B2C0001593 | E79: BIG | G79: FULL RIM | H79: 55.64 | I79: 39.15 | J79: 163.29 | K79: 163.37 | L79: TRACING | M79: 55.59 | N79: 38.98 | O79: 163.02 | P79: 162.71 | Q79: BIG | R79: ADITI
D80: 241079.IRJ127B2C0001331 | E80: W/SHAPE | G80: FULL RIM | H80: 53.51 | I80: 48.9 | J80: 163.34 | K80: 163.34 | L80: TRACING | M80: 59.55 | N80: 52.19 | O80: 182.13 | P80: 181.77 | Q80: W/SHAPE | R80: AMIRUN
A81: 46241.727 | D81: 234793.CIN-000001260002 | E81: BIG | G81: FULL RIM | H81: 49.87 | I81: 46.87 | J81: 158.05 | K81: 158.07 | L81: TRACING | M81: 48.6 | N81: 44.4 | O81: 152.61 | P81: 152.56 | Q81: BIG | R81: AMIRUN
A82: 46241.735 | D82: 146653.F2610C | E82: SMALL | G82: FULL RIM | H82: 50.65 | I82: 35.97 | J82: 146.43 | K82: 146.43 | L82: TRACING | M82: 50.74 | N82: 36.28 | O82: 147.21 | P82: 147.71 | Q82: SMALL | R82: AMIRUN
A83: 46241.763 | D83: 208272.IHR127B2C0002441 | E83: SMALL | G83: FULL RIM | H83: 50.77 | I83: 43.01 | J83: 153.74 | K83: 153.57 | L83: TRACING | M83: 50.82 | N83: 43.54 | O83: 154.76 | P83: 154.18 | Q83: SMALL | R83: AMIRUN
A84: 46241.775 | D84: 241854.IN26047E | E84: SMALL | G84: FULL RIM | H84: 50.47 | I84: 39.96 | J84: 152.29 | K84: 153.33 | L84: TRACING | M84: 50.75 | N84: 40.12 | O84: 153.02 | P84: 153.79 | Q84: SMALL | R84: AMIRUN
A85: 46241.794 | D85: 227606.26Y105 | E85: small | G85: FULL RIM | H85: 51.35 | I85: 34.38 | J85: 148.06 | K85: 147.84 | L85: TRACING | M85: 51.45 | N85: 34.45 | O85: 148.35 | P85: 148.05 | Q85: SMALL | R85: AMIRUN
A86: 46241.848 | D86: 210433.FKS26205K | G86: FULL RIM | H86: 52.33 | I86: 34.77 | J86: 147.53 | K86: 147.53 | L86: TRACING | M86: 52.41 | N86: 34.85 | O86: 147.77 | P86: 147.85 | R86: AMIRUN
A87: 46241.851 | D87: 134951.IN026051203E | E87: SMALL | G87: HALF RIM | H87: 56.47 | I87: 45.52 | J87: 170 | K87: 170 | L87: TRACING | M87: 56.39 | N87: 45.52 | O87: 169.94 | P87: 169.94 | Q87: SMALL | R87: AMIRUN
A88: 46241.852 | D88: 204392.LM2620 | E88: SMALL | G88: FULL RIM | H88: 43.94 | I88: 36.74 | J88: 129.92 | K88: 129.44 | L88: TRACING | M88: 44.17 | N88: 36.93 | O88: 130.77 | P88: 130.34 | Q88: SMALL | R88: AMIRUN
A89: 46241.854 | D89: 227571.26Y079 | E89: SMALL | G89: FULL RIM | H89: 50.5 | I89: 42.2 | J89: 153.89 | K89: 152.71 | L89: TRACING | M89: 50.55 | N89: 42.73 | O89: 154.75 | P89: 154.31 | Q89: SMALL | R89: AMIRUN
A90: 46241.861 | D90: 240000.IN026072002I | E90: SMALL | G90: HALF RIM | H90: 56.38 | I90: 44.79 | J90: 168.86 | K90: 168.86 | L90: TRACING | M90: 57.29 | N90: 44.8 | O90: 170.23 | P90: 170.23 | Q90: SMALL | R90: AMIRUN
A91: 46241.863 | D91: 241119.IRJ127B2C0001561 | E91: BIG | H91: 55.83 | I91: 39.11 | J91: 164.12 | K91: 164.48 | M91: 55.76 | N91: 39.05 | O91: 162.63 | P91: 163.21 | Q91: SMALL
A92: 46241.869 | D92: 219826.LSK26062202-A12 | H92: 53.93 | I92: 41.65 | J92: 159.46 | K92: 159.29 | M92: 54 | N92: 41.71 | O92: 159.45 | P92: 159.31 | Q92: BIG
A93: 46241.875 | D93: 210178.FKS26169 | H93: 56.83 | I93: 37.2 | J93: 159.63 | K93: 159.63 | L93: MANUAL | M93: 56.5 | N93: 36.9 | O93: 158.55 | P93: 158.88
A94: 46241.88 | D94: 241075.IRJ127B2C0001561 | H94: 58.12 | I94: 42.12 | J94: 171.95 | K94: 171.97 | M94: 58.05 | N94: 42.05 | O94: 171.1 | P94: 171.01
A95: 46241.88 | D95: 147021.26WLS-310J | H95: 57 | I95: 45.74 | J95: 170.33 | K95: 170.52 | M95: 56.8 | N95: 45.55 | O95: 169.25 | P95: 169.33
A96: 46241.882 | D96: 239021.FKS26212 | H96: 52.4 | I96: 42.41 | J96: 154.64 | K96: 154.56 | M96: 52.2 | N96: 42.2 | O96: 154.01 | P96: 153.65
A97: 46241.907 | D97: 137971.FKS26228H | H97: 52.45 | I97: 43.84 | J97: 157.31 | K97: 157.51 | M97: 52.39 | N97: 43.8 | O97: 157 | P97: 157.09
A98: 46241.914 | D98: 235299.26L049B | E98: SMALL | H98: 51.14 | I98: 40.96 | J98: 155.27 | K98: 155.43 | M98: 51.3 | N98: 41.05 | O98: 155.69 | P98: 155.79
D99: =B99&"."&C99 -> .
D100: =B100&"."&C100 -> .
...

Sheet raw
A1: PID.INVOICE | B1: Total Items | C1: QC Done (DOT) | D1: MEI Fail (DOT) | E1: MEI Fail % (DOT) | F1: First frame_type | G1: BIG | H1: SMALL | I1: CHIP | J1: WRONG SHAPE | K1: SCRATCH | L1: ISSUE | M1: PERCENTAGE
A2: 241186.IN26056C | B2: 19 | C2: 16 | D2: 3 | E2: 0.188 | F2: Full Rim | G2: 0.1875 | H2: 0 | I2: 0 | J2: 0 | K2: 0.0625 | L2: BIG | M2: 0.1875
A3: 206728.FKS26191E | B3: 43 | C3: 41 | D3: 6 | E3: 0.146 | F3: Full Rim | G3: 0.119 | H3: 0 | I3: 0.0238 | J3: 0 | K3: 0.0952 | L3: BIG | M3: 0.119
A4: 245911.FKS26218I | B4: 54 | C4: 52 | D4: 5 | E4: 0.096 | F4: Full Rim | G4: 0.0962 | H4: 0 | I4: 0 | J4: 0 | K4: 0.0385 | L4: BIG | M4: 0.0962
A5: 221172.FKS26304A | B5: 53 | C5: 52 | D5: 5 | E5: 0.096 | F5: Full Rim | G5: 0.0943 | H5: 0 | I5: 0 | J5: 0 | K5: 0.0189 | L5: BIG | M5: 0.0943
A6: 246865.FKS26210F | B6: 32 | C6: 31 | D6: 3 | E6: 0.097 | F6: Full Rim | G6: 0.0909 | H6: 0 | I6: 0 | J6: 0 | K6: 0.0606 | L6: BIG | M6: 0.0909
A7: 217659.FKS26190E | B7: 52 | C7: 53 | D7: 3 | E7: 0.057 | F7: Full Rim | G7: 0.0566 | H7: 0 | I7: 0 | J7: 0 | K7: 0.0377 | L7: BIG | M7: 0.0566
A8: 241185.IN26054E | B8: 38 | C8: 37 | D8: 4 | E8: 0.108 | F8: Full Rim | G8: 0.0541 | H8: 0.027 | I8: 0.027 | J8: 0 | K8: 0 | L8: BIG | M8: 0.0541
A9: 239021.FKS26323A | B9: 79 | C9: 79 | D9: 4 | E9: 0.051 | F9: Full Rim | G9: 0.038 | H9: 0 | I9: 0.0127 | J9: 0 | K9: 0.0253 | L9: BIG | M9: 0.038
A10: 211293.FKS26182D | B10: 55 | C10: 52 | D10: 3 | E10: 0.058 | F10: Full Rim | G10: 0.037 | H10: 0 | I10: 0.0185 | J10: 0 | K10: 0 | L10: BIG | M10: 0.037
A11: 241112.IRJ127B2C0002302 | B11: 28 | C11: 28 | D11: 3 | E11: 0.107 | F11: Full Rim | G11: 0.0714 | H11: 0 | I11: 0.0714 | J11: 0 | K11: 0 | L11: BIG/CHIP | M11: 0.0714
A12: 241100.IRJ127B2C0002100 | B12: 64 | C12: 61 | D12: 4 | E12: 0.066 | F12: Full Rim | G12: 0.0625 | H12: 0 | I12: 0.0313 | J12: 0 | K12: 0.0625 | L12: BIG/SCRATCH | M12: 0.0625
A13: 241124.IRJ127B2C0002671 | B13: 49 | C13: 47 | D13: 3 | E13: 0.064 | F13: Full Rim | G13: 0.0417 | H13: 0 | I13: 0 | J13: 0.0208 | K13: 0.0417 | L13: BIG/SCRATCH | M13: 0.0417
... A237: 241387.IN26075D | B237: 54 | C237: 53 | D237: 3 | E237: 0.057 | F237: Full Rim | G237: 0.0185 | H237: 0.037 | I237: 0.0185 | J237: 0.0185 | K237: 0 | L237: SMALL | M237: 0.037

Sheet 6-7 oct
A1: PID.INVOICE | B1: Total Items | C1: Dot Invoice % | D1: Vendor Invoice % | E1: Base Invoice % | F1: QC Done (DOT) | G1: MEI Fail (DOT) | H1: MEI Fail % (DOT) | I1: First frame_type | J1: BIG | K1: SMALL | L1: SCRATCH | M1: CHIP | N1: WRONG | O1: issue | P1: percentage
A2: 241805.IN026042004A | B2: 6 | C2: 0.5 | D2: 1 | F2: 7 | G2: 3 | H2: 0.429 | I2: Full Rim | J2: 0.4286 | K2: 0 | L2: 0 | M2: 0 | N2: 0 | O2: BIG | P2: 0.4286
A3: 241120.IRJ127B2C0002380 | B3: 13 | C3: 0.28 | D3: 1 | F3: 11 | G3: 5 | H3: 0.455 | I3: Full Rim | J3: 0.3077 | K3: 0 | L3: 0.0769 | M3: 0.1538 | N3: 0 | O3: BIG | P3: 0.3077
A4: 234768.IRJ127B2C0002729 | B4: 15 | C4: 1 | D4: 1 | F4: 15 | G4: 4 | H4: 0.267 | I4: Full Rim | J4: 0.25 | K4: 0 | L4: 0 | M4: 0.0625 | N4: 0 | O4: BIG | P4: 0.25
A5: 215405.KC078260319F | B5: 23 | C5: 0.09 | D5: 1 | F5: 22 | G5: 6 | H5: 0.273 | I5: Full Rim | J5: 0.2083 | K5: 0.0417 | L5: 0.1667 | M5: 0 | N5: 0 | O5: BIG | P5: 0.2083
A6: 241078.IRJ127B2C0003036 | B6: 11 | C6: 0.52 | D6: 1 | F6: 9 | G6: 3 | H6: 0.333 | I6: Full Rim | J6: 0.2 | K6: 0 | L6: 0 | M6: 0 | N6: 0.1 | O6: BIG | P6: 0.2
A7: 234765.IRJ127B2C0001833 | B7: 18 | C7: 0.9 | D7: 1 | F7: 15 | G7: 3 | H7: 0.2 | I7: Full Rim | J7: 0.1333 | K7: 0 | L7: 0.0667 | M7: 0 | N7: 0.0667 | O7: BIG | P7: 0.1333
A8: 253884.26WLS-407K | B8: 27 | C8: 1 | D8: 1 | F8: 27 | G8: 3 | H8: 0.111 | I8: Full Rim | J8: 0.1111 | K8: 0 | L8: 0.0741 | M8: 0 | N8: 0 | O8: BIG | P8: 0.1111
A9: 221163.FKS26375C | B9: 39 | C9: 0.43 | D9: 1 | F9: 38 | G9: 4 | H9: 0.105 | I9: Full Rim | J9: 0.0789 | K9: 0 | L9: 0 | M9: 0.0263 | N9: 0 | O9: BIG | P9: 0.0789
A10: 221172.FKS26345G | B10: 129 | C10: 0.54 | D10: 1 | F10: 125 | G10: 7 | H10: 0.056 | I10: Full Rim | J10: 0.048 | K10: 0 | L10: 0.016 | M10: 0.008 | N10: 0 | O10: BIG | P10: 0.048
A11: 240000.IN026072701J | B11: 20 | C11: 0.28 | D11: 1 | F11: 16 | G11: 7 | H11: 0.438 | I11: Full Rim | J11: 0.1579 | K11: 0.1053 | L11: 0.0526 | M11: 0.1579 | N11: 0.0526 | O11: BIG/CHIP | P11: 0.1579
A12: 246819.26WLS-379A | B12: 23 | C12: 1 | D12: 1 | F12: 19 | G12: 4 | H12: 0.211 | I12: Full Rim | J12: 0.1364 | K12: 0 | L12: 0.0909 | M12: 0.1364 | N12: 0 | O12: BIG/CHIP | P12: 0.1364
A13: 218966.IRJ127B2C0001181 | B13: 61 | C13: 0.32 | D13: 1 | F13: 54 | G13: 8 | H13: 0.148 | I13: Full Rim | J13: 0.0862 | K13: 0 | L13: 0.0172 | M13: 0.069 | N13: 0.0345 | O13: BIG/CHIP | P13: 0.0862
... A25: 241387.IN26075D | B25: 54 | C25: 1 | D25: 1 | F25: 53 | G25: 3 | H25: 0.057 | I25: Full Rim | J25: 0.0185 | K25: 0.037 | L25: 0.0185 | M25: 0.0185 | N25: 0 | O25: SMALL | P25: 0.037

Sheet 30SEP-1OCT
A1: PID.INVOICE | B1: Total Items | C1: Dot Invoice % | D1: Vendor Invoice % | E1: Base Invoice % | F1: QC Done (DOT) | G1: MEI Fail (DOT) | H1: MEI Fail % (DOT) | I1: First frame_type | J1: big | K1: small | L1: scratch | M1: wrong shape | N1: chip | O1: Issue | P1: percentage
A2: 225339.IRJ127B2C0002575-CH01 | B2: 14 | C2: 1 | D2: 1 | F2: 11 | G2: 4 | H2: 0.364 | I2: Full Rim | J2: 0.25 | K2: 0.0833 | L2: 0.1667 | M2: 0 | N2: 0 | O2: BIG | P2: 0.25
A3: 246819.26WLS-379A | B3: 12 | C3: 1 | D3: 1 | F3: 11 | G3: 3 | H3: 0.273 | I3: Full Rim | J3: 0.25 | K3: 0 | L3: 0 | M3: 0 | N3: 0 | O3: BIG | P3: 0.25
A4: 241117.IRJ127B2C0002780 | B4: 11 | C4: 0.52 | D4: 1 | F4: 7 | G4: 3 | H4: 0.429 | I4: Full Rim | J4: 0.2222 | K4: 0.1111 | L4: 0.1111 | M4: 0 | N4: 0 | O4: BIG | P4: 0.2222
A5: 241119.IRJ127B2C0002900 | B5: 48 | C5: 0.89 | D5: 1 | F5: 38 | G5: 9 | H5: 0.237 | I5: Full Rim | J5: 0.0976 | K5: 0.0244 | L5: 0.0732 | M5: 0.0488 | N5: 0.0488 | O5: BIG | P5: 0.0976
A6: 241075.IRJ127B2C0002281 | B6: 17 | C6: 0.61 | D6: 1 | F6: 12 | G6: 3 | H6: 0.25 | I6: Full Rim | J6: 0.1538 | K6: 0 | L6: 0.1538 | M6: 0 | N6: 0.0769 | O6: BIG/SCRATCH | P6: 0.1538
A7: 240000.IN026071404E | B7: 12 | C7: 0.29 | D7: 1 | F7: 8 | G7: 4 | H7: 0.5 | I7: Full Rim | J7: 0 | K7: 0 | L7: 0.1 | M7: 0 | N7: 0.4 | O7: CHIP | P7: 0.4
A8: 245914.FKS26289A | B8: 23 | C8: 0.79 | D8: 1 | F8: 21 | G8: 3 | H8: 0.143 | I8: Full Rim | J8: 0.0476 | K8: 0 | L8: 0.0476 | M8: 0 | N8: 0.0952 | O8: CHIP | P8: 0.0952
A9: 211318.26WLS-379C | B9: 53 | C9: 0.62 | D9: 1 | F9: 51 | G9: 4 | H9: 0.078 | I9: Full Rim | J9: 0.0364 | K9: 0 | L9: 0.0182 | M9: 0 | N9: 0.0545 | O9: CHIP | P9: 0.0545
A10: 239999.IN026081002E | B10: 15 | C10: 0.5 | D10: 1 | F10: 9 | G10: 3 | H10: 0.333 | I10: Full Rim | J10: 0.1 | K10: 0.1 | L10: 0.2 | M10: 0 | N10: 0.1 | O10: SCRATCH/BIG | P10: 0.2
A11: 137971.FKS26228F | B11: 30 | C11: 0.37 | D11: 1 | F11: 29 | G11: 3 | H11: 0.103 | I11: Full Rim | J11: 0.0667 | K11: 0.0333 | L11: 0.1333 | M11: 0 | N11: 0 | O11: SCRATCH/BIG | P11: 0.1333
A12: 220577.H2629 | B12: 41 | C12: 0.39 | D12: 1 | F12: 36 | G12: 7 | H12: 0.194 | I12: Full Rim | J12: 0.1053 | K12: 0 | L12: 0.1316 | M12: 0.0263 | N12: 0.0526 | O12: SCRATCH/BIG | P12: 0.1316
A13: 238757.26WLS-425K | B13: 39 | C13: 0.72 | D13: 1 | F13: 32 | G13: 3 | H13: 0.094 | I13: Full Rim | J13: 0.0278 | K13: 0 | L13: 0.1111 | M13: 0 | N13: 0.0556 | O13: SCRATCH/BIG | P13: 0.1111
... A20: 215405.KC078260319F | B20: 10 | C20: 0.11 | D20: 1 | F20: 10 | G20: 3 | H20: 0.3 | I20: Full Rim | J20: 0.0909 | K20: 0 | L20: 0.0909 | M20: 0.1818 | N20: 0 | O20: WRONG | P20: 0.1818

Sheet 2OCT-5OCT
A1: Pid.Invoice | B1: Total Items | C1: Dot Invoice % | D1: Vendor Invoice % | E1: Base Invoice % | F1: QC Done (DOT) | G1: MEI Fail (DOT) | H1: MEI Fail % (DOT) | I1: First frame_type | J1: big | K1: small | L1: scratch | M1: chip | N1: wrong | O1: issue | P1: percentage
A2: 243673.FKS26222H | B2: 26 | C2: 0.39 | D2: 1 | F2: 15 | G2: 10 | H2: 0.667 | I2: Full Rim | J2: 0.381 | K2: 0.0476 | L2: 0.1905 | M2: 0 | N2: 0.0476 | O2: BIG | P2: 0.381
A3: 225339.IRJ127B2C0002575-CH01 | B3: 26 | C3: 1 | D3: 1 | F3: 16 | G3: 5 | H3: 0.313 | I3: Full Rim | J3: 0.1818 | K3: 0 | L3: 0.0455 | M3: 0.0455 | N3: 0.0909 | O3: BIG | P3: 0.1818
A4: 243674.FKS26197M | B4: 64 | C4: 0.97 | D4: 1 | F4: 63 | G4: 5 | H4: 0.079 | I4: Full Rim | J4: 0.0635 | K4: 0.0159 | L4: 0.0159 | M4: 0 | N4: 0 | O4: BIG | P4: 0.0635
A5: 221174.FKS26158D | B5: 93 | C5: 0.18 | D5: 1 | F5: 90 | G5: 6 | H5: 0.067 | I5: Full Rim | J5: 0.0532 | K5: 0 | L5: 0.0426 | M5: 0 | N5: 0.0106 | O5: BIG | P5: 0.0532
A6: 221172.FKS26345H | B6: 201 | C6: 0.55 | D6: 1 | F6: 198 | G6: 11 | H6: 0.056 | I6: Full Rim | J6: 0.04 | K6: 0 | L6: 0.015 | M6: 0.015 | N6: 0.005 | O6: BIG | P6: 0.04
A7: 219826.LSK26090901-A6 | B7: 127 | C7: 0.2 | D7: 1 | F7: 115 | G7: 7 | H7: 0.061 | I7: Full Rim | J7: 0.042 | K7: 0 | L7: 0.042 | M7: 0.0168 | N7: 0 | O7: BIG/SCRATCH | P7: 0.042
A8: 240000.IN026071404E | B8: 16 | C8: 0.23 | D8: 1 | F8: 11 | G8: 7 | H8: 0.636 | I8: Full Rim | J8: 0.1053 | K8: 0 | L8: 0.1579 | M8: 0.3158 | N8: 0 | O8: CHIP | P8: 0.3158
A9: 242138.LSK26070602-A2 | B9: 115 | C9: 0.99 | D9: 1 | F9: 108 | G9: 13 | H9: 0.12 | I9: Full Rim | J9: 0.0182 | K9: 0.0091 | L9: 0.0273 | M9: 0.1 | N9: 0 | O9: CHIP | P9: 0.1
A10: 245915.FKS26272 | B10: 203 | C10: 1 | D10: 1 | F10: 195 | G10: 13 | H10: 0.067 | I10: Full Rim | J10: 0.0305 | K10: 0 | L10: 0.0254 | M10: 0.0457 | N10: 0 | O10: CHIP | P10: 0.0457
A11: 221176.FKS26218F | B11: 135 | C11: 0.28 | D11: 1 | F11: 127 | G11: 7 | H11: 0.055 | I11: Full Rim | J11: 0.0155 | K11: 0 | L11: 0.0233 | M11: 0.0388 | N11: 0 | O11: CHIP | P11: 0.0388
A12: 244245.LSK26090901-A4 | B12: 104 | C12: 1 | D12: 1 | F12: 97 | G12: 5 | H12: 0.052 | I12: Full Rim | J12: 0.0206 | K12: 0 | L12: 0.0825 | M12: 0.0206 | N12: 0.0103 | O12: SCRATCH | P12: 0.0825
A13: 238759.26WLS-407N | B13: 32 | C13: 0.36 | D13: 1 | F13: 31 | G13: 6 | H13: 0.194 | I13: Full Rim | J13: 0.0909 | K13: 0.0303 | L13: 0.1212 | M13: 0.0606 | N13: 0.0303 | O13: SCRATCH/BIG | P13: 0.1212
... A36: 239021.FKS26350A | B36: 76 | C36: 0.2 | D36: 1 | F36: 76 | G36: 4 | H36: 0.053 | I36: Full Rim | J36: 0.0132 | K36: 0.0263 | L36: 0.0263 | M36: 0 | N36: 0.0132 | O36: WRONG | P36: 0.0263

Sheet 28-29 SEP
A1: Pid.invoice | B1: Total Items | C1: Dot Invoice % | D1: Vendor Invoice % | E1: Base Invoice % | F1: QC Done (DOT) | G1: MEI Fail (DOT) | H1: MEI Fail % (DOT) | I1: First frame_type | J1: big | K1: small | L1: chip | M1: scrach | N1: wrong shape | O1: issue | P1: percentage | Q1: Column1
A2: 225339.IRJ127B2C0002575-CH01 | B2: 17 | C2: 1 | D2: 1 | F2: 14 | G2: 5 | H2: 0.357 | I2: Full Rim | J2: 0.1667 | K2: 0 | L2: 0 | M2: 0.0556 | N2: 0.1111 | O2: BIG | P2: 0.1667 | Q2: #N/A
A3: 137971.FKS26228H | B3: 11 | C3: 0.06 | D3: 1 | F3: 12 | G3: 3 | H3: 0.25 | I3: Full Rim | J3: 0.2308 | K3: 0 | L3: 0 | M3: 0.0769 | N3: 0 | O3: BIG | P3: 0.2308 | Q3: #N/A
A4: 207370.FKS26349C | B4: 19 | C4: 0.06 | D4: 1 | F4: 19 | G4: 3 | H4: 0.158 | I4: Full Rim | J4: 0.12 | K4: 0 | L4: 0 | M4: 0 | N4: 0 | O4: BIG | P4: 0.12 | Q4: #N/A
A5: 241100.IRJ127B2C0002611 | B5: 38 | C5: 0.29 | D5: 1 | F5: 33 | G5: 3 | H5: 0.091 | I5: Full Rim | J5: 0.0588 | K5: 0.0294 | L5: 0 | M5: 0.0294 | N5: 0 | O5: BIG | P5: 0.0588 | Q5: #N/A
A6: 221172.FKS26345G | B6: 150 | C6: 0.55 | D6: 1 | F6: 145 | G6: 15 | H6: 0.103 | I6: Full Rim | J6: 0.0476 | K6: 0.0204 | L6: 0.034 | M6: 0.0544 | N6: 0 | O6: BIG/SCRATCH | P6: 0.0544 | Q6: #N/A
A7: 207671.IHR127B2C0003243 | B7: 101 | C7: 0.07 | D7: 1 | F7: 97 | G7: 10 | H7: 0.103 | I7: Full Rim | J7: 0.0588 | K7: 0.0098 | L7: 0.0294 | M7: 0.0882 | N7: 0.0098 | O7: BIG/SCRATCH | P7: 0.0882 | Q7: #N/A
A8: 241100.IRJ127B2C0002818 | B8: 26 | C8: 0.2 | D8: 1 | F8: 26 | G8: 3 | H8: 0.115 | I8: Full Rim | J8: 0.0741 | K8: 0 | L8: 0.037 | M8: 0.1481 | N8: 0 | O8: BIG/SCRATCH | P8: 0.1481 | Q8: #N/A
A9: 225336.IRJ127B2C0002585 | B9: 64 | C9: 0.43 | D9: 1 | F9: 51 | G9: 29 | H9: 0.569 | I9: Full Rim | J9: 0.0133 | K9: 0.3467 | L9: 0 | M9: 0.0533 | N9: 0.04 | O9: SMALL | P9: 0.3467 | Q9: #N/A
A10: 243276.LSK26090901-A2 | B10: 31 | C10: 0.69 | D10: 1 | F10: 27 | G10: 9 | H10: 0.333 | I10: Full Rim | J10: 0.0323 | K10: 0.2581 | L10: 0 | M10: 0.0323 | N10: 0.0323 | O10: SMALL | P10: 0.2581 | Q10: #N/A
A11: 246230.LSK26090901-A1 | B11: 45 | C11: 0.63 | D11: 1 | F11: 41 | G11: 7 | H11: 0.171 | I11: Full Rim | J11: 0 | K11: 0.1273 | L11: 0 | M11: 0.0364 | N11: 0 | O11: SMALL | P11: 0.1273 | Q11: #N/A
A12: 239999.IN026081002E | B12: 11 | C12: 0.16 | D12: 1 | F12: 9 | G12: 5 | H12: 0.556 | I12: Full Rim | J12: 0 | K12: 0.3 | L12: 0.1 | M12: 0.1 | N12: 0.1 | O12: SMALL | P12: 0.3 | Q12: #N/A
A13: 137971.FKS26307H | B13: 35 | C13: 0.2 | D13: 1 | F13: 37 | G13: 5 | H13: 0.135 | I13: Full Rim | J13: 0.0465 | K13: 0.0698 | L13: 0 | M13: 0.0233 | N13: 0.0233 | O13: SMALL | P13: 0.0698 | Q13: #N/A
... A16: 239999.IN026062202D | B16: 12 | C16: 0.18 | D16: 1 | F16: 9 | G16: 3 | H16: 0.333 | I16: Full Rim | J16: 0.0909 | K16: 0 | L16: 0.0909 | M16: 0.0909 | N16: 0.0909 | O16: WRONG SHAPE | P16: 0.0909 | Q16: #N/A

Sheet 24-27 SEP
A1: PID.INVOICE | B1: Total Items | C1: Dot Invoice % | D1: Vendor Invoice % | E1: Base Invoice % | F1: QC Done (DOT) | G1: MEI Fail (DOT) | H1: MEI Fail % (DOT) | I1: First frame_type | J1: BIG | K1: SMALL | L1: CHIP | M1: SCRATCH | N1: WRONG SHAPE | O1: ISSUE | P1: PERCENTAGE
A2: 207481.IN24045G | B2: 6 | C2: 0.01 | D2: 1 | F2: 3 | G2: 3 | H2: 1 | I2: Full Rim | J2: 0 | K2: 0.6 | L2: 0 | M2: 0.2 | N2: 0.2 | O2: SMALL | P2: 0.6
A3: 242221.IRJ127B2C0001909 | B3: 10 | C3: 0.21 | D3: 1 | F3: 9 | G3: 7 | H3: 0.778 | I3: Full Rim | J3: 0 | K3: 0.7 | L3: 0 | M3: 0 | N3: 0 | O3: SMALL | P3: 0.7
A4: 219825.LSK26060502-A15 | B4: 13 | C4: 0.26 | D4: 1 | F4: 10 | G4: 6 | H4: 0.6 | I4: Full Rim | J4: 0.0833 | K4: 0.4167 | L4: 0 | M4: 0.0833 | N4: 0 | O4: SMALL | P4: 0.4167
A5: 231593.25Y019 | B5: 5 | C5: 1 | D5: 1 | F5: 5 | G5: 3 | H5: 0.6 | I5: Full Rim | J5: 0.1667 | K5: 0 | L5: 0 | M5: 0 | N5: 0.3333 | O5: WRONG/SHAPE | P5: 0.3333
A6: 247067.IRJ127B2C0002556 | B6: 6 | C6: 0.38 | D6: 1 | F6: 6 | G6: 3 | H6: 0.5 | I6: Full Rim | J6: 0 | K6: 0 | L6: 0 | M6: 0 | N6: 0.5 | O6: WRONG | P6: 0.5
A7: 236095.IHR127B2C0000582 | B7: 7 | C7: 0.24 | D7: 1 | F7: 7 | G7: 3 | H7: 0.429 | I7: Full Rim | J7: 0.125 | K7: 0.125 | L7: 0 | M7: 0 | N7: 0.125 | O7: WRONG | P7: 0.125
A8: 225336.IRJ127B2C0002585 | B8: 30 | C8: 0.28 | D8: 1 | F8: 26 | G8: 11 | H8: 0.423 | I8: Full Rim | J8: 0.1333 | K8: 0.2 | L8: 0 | M8: 0.2333 | N8: 0.0667 | O8: SCRATCH | P8: 0.2333
A9: 240000.IN026061604F | B9: 11 | C9: 0.14 | D9: 1 | F9: 8 | G9: 3 | H9: 0.375 | I9: Full Rim | J9: 0 | K9: 0.125 | L9: 0.125 | M9: 0 | N9: 0.125 | O9: CHIP/WRONG | P9: 0.125
A10: 234796.IRJ127B2C0002709 | B10: 9 | C10: 0.23 | D10: 1 | F10: 8 | G10: 3 | H10: 0.375 | I10: Full Rim | J10: 0 | K10: 0.3333 | L10: 0 | M10: 0 | N10: 0 | O10: SMALL | P10: 0.3333
A11: 225339.IRJ127B2C0002575-CH01 | B11: 35 | C11: 1 | D11: 1 | F11: 27 | G11: 9 | H11: 0.333 | I11: Full Rim | J11: 0.1892 | K11: 0.0541 | L11: 0.027 | M11: 0.2162 | N11: 0.027 | O11: SCRATCH | P11: 0.2162
A12: 245914.FKS26248A | B12: 31 | C12: 0.36 | D12: 1 | F12: 24 | G12: 8 | H12: 0.333 | I12: Full Rim | J12: 0.0714 | K12: 0.2143 | L12: 0 | M12: 0 | N12: 0 | O12: SMALL | P12: 0.2143
A13: 239999.IN026061604F | B13: 21 | C13: 0.25 | D13: 1 | F13: 15 | G13: 5 | H13: 0.333 | I13: Full Rim | J13: 0.0556 | K13: 0.0556 | L13: 0.1111 | M13: 0.0556 | N13: 0.0556 | O13: CHIP | P13: 0.1111
... A61: 209756.LSK26081401-A9 | B61: 103 | C61: 0.49 | D61: 1 | F61: 96 | G61: 5 | H61: 0.052 | I61: Full Rim | J61: 0.03 | K61: 0 | L61: 0.01 | M61: 0.06 | N61: 0.01 | O61: SCRATCH | P61: 0.06

Sheet 23-24 Sep
A1: PID.Invoice | B1: Total Items | C1: Dot Invoice % | D1: Vendor Invoice % | E1: Base Invoice % | F1: QC Done (DOT) | G1: MEI Fail (DOT) | H1: MEI Fail % (DOT) | I1: big | J1: small | K1: chip | L1: scratch | M1: wrong shape | N1: ISSUE | O1: PERCENTAGE | P1: First frame_type
A2: 244415.GLS-20260610-B | B2: 21 | C2: 0.68 | D2: 1 | F2: 18 | G2: 4 | H2: 0.222 | I2: 0.1905 | J2: 0 | K2: 0 | L2: 0.0476 | M2: 0 | N2: BIG | O2: 0.1905 | P2: Full Rim
A3: 206728.FKS26320B | B3: 114 | C3: 0.91 | D3: 1 | F3: 109 | G3: 6 | H3: 0.055 | I3: 0.0364 | J3: 0.0091 | K3: 0.0091 | L3: 0.0273 | M3: 0.0091 | N3: BIG | O3: 0.0364 | P3: Full Rim
A4: 218966.IRJ127B2C0001180 | B4: 97 | C4: 0.78 | D4: 1 | F4: 96 | G4: 5 | H4: 0.052 | I4: 0.051 | J4: 0.0102 | K4: 0.0102 | L4: 0.0408 | M4: 0 | N4: BIG | O4: 0.051 | P4: Full Rim
A5: 237234.26WLS-319A | B5: 34 | C5: 0.27 | D5: 1 | F5: 30 | G5: 4 | H5: 0.133 | I5: 0.0645 | J5: 0 | K5: 0.0645 | L5: 0 | M5: 0 | N5: BIG/CHIP | O5: 0.0645 | P5: Full Rim
A6: 241100.IRJ127B2C0002578 | B6: 31 | C6: 0.24 | D6: 1 | F6: 31 | G6: 4 | H6: 0.129 | I6: 0.0625 | J6: 0.0313 | K6: 0.0625 | L6: 0.0625 | M6: 0 | N6: BIG/CHIP | O6: 0.0625 | P6: Full Rim
A7: 242174.LSK26083101-A6 | B7: 48 | C7: 0.91 | D7: 1 | F7: 41 | G7: 5 | H7: 0.122 | I7: 0.0455 | J7: 0 | K7: 0.0455 | L7: 0.1136 | M7: 0.0227 | N7: BIG/CHIP | O7: 0.1136 | P7: Full Rim
A8: 150798.ZD260012A | B8: 55 | C8: 0.24 | D8: 1 | F8: 54 | G8: 4 | H8: 0.074 | I8: 0.0179 | J8: 0 | K8: 0.0536 | L8: 0 | M8: 0 | N8: CHIP | O8: 0.0536 | P8: Full Rim
A9: 246857.FKS26205N | B9: 82 | C9: 0.68 | D9: 1 | F9: 76 | G9: 4 | H9: 0.053 | I9: 0.013 | J9: 0 | K9: 0.026 | L9: 0.013 | M9: 0.013 | N9: CHIP | O9: 0.026 | P9: Full Rim
A10: 247078.IRJ127B2C0002446 | B10: 29 | C10: 1 | D10: 1 | F10: 24 | G10: 4 | H10: 0.167 | I10: 0.0769 | J10: 0 | K10: 0.0769 | L10: 0.0769 | M10: 0 | N10: CHIP/SCRATCH | O10: 0.0769 | P10: Full Rim
A11: 137934.FS2619C | B11: 61 | C11: 0.3 | D11: 1 | F11: 58 | G11: 4 | H11: 0.069 | I11: 0.0164 | J11: 0.0164 | K11: 0.0164 | L11: 0.0492 | M11: 0.0328 | N11: SCRATCH | O11: 0.0492 | P11: Full Rim
A12: 239999.IN026062202D | B12: 15 | C12: 0.21 | D12: 1 | F12: 14 | G12: 4 | H12: 0.286 | I12: 0.0588 | J12: 0.0588 | K12: 0.1176 | L12: 0.2353 | M12: 0.0588 | N12: SCRATCH/CHIP | O12: 0.2353 | P12: Full Rim
A13: 239999.IN026061604F | B13: 12 | C13: 0.17 | D13: 1 | F13: 13 | G13: 4 | H13: 0.308 | I13: 0 | J13: 0.0769 | K13: 0.0769 | L13: 0.1538 | M13: 0.1538 | N13: SCRATCH/WRONG SHAPE | O13: 0.1538 | P13: Full Rim
... A21: 239999.IN026081002E | B21: 16 | C21: 0.23 | D21: 1 | F21: 8 | G21: 5 | H21: 0.625 | I21: 0.1538 | J21: 0.1538 | K21: 0.1538 | L21: 0.1538 | M21: 0 | N21: WRONG SHAPE | O21: 0.1538 | P21: Full Rim

Sheet 20-22 Sep
A1: PID.Invoice | B1: Total Items | C1: Dot Invoice % | D1: Vendor Invoice % | E1: Base Invoice % | F1: QC Done (DOT) | G1: MEI Fail (DOT) | H1: MEI Fail % (DOT) | I1: big | J1: small | K1: chip | L1: scratch | M1: wrong shape | N1: First frame_type | O1: issue | P1: percentage
A2: 242597.FKS26314K | B2: 73 | C2: 0.48 | D2: 1 | F2: 69 | G2: 28 | H2: 0.406 | I2: 0.0842 | J2: 0.0526 | K2: 0.0105 | L2: 0.1579 | M2: 0.2316 | N2: Full Rim | O2: wrong shape | P2: 0.2316
A3: 241119.IRJ127B2C0002561 | B3: 101 | C3: 0.91 | D3: 1 | F3: 97 | G3: 23 | H3: 0.237 | I3: 0.0882 | J3: 0.0588 | K3: 0.0686 | L3: 0.098 | M3: 0.0196 | N3: Full Rim | O3: big/scratch | P3: 0.098
A4: 245915.FKS26272 | B4: 157 | C4: 1 | D4: 1 | F4: 150 | G4: 20 | H4: 0.133 | I4: 0.0449 | J4: 0.0192 | K4: 0.0705 | L4: 0.0385 | M4: 0 | N4: Full Rim | O4: big/chip | P4: 0.0705
A5: 200859.INSI-26-192301 | B5: 22 | C5: 0.51 | D5: 1 | F5: 21 | G5: 15 | H5: 0.714 | I5: 0.0833 | J5: 0.5417 | K5: 0 | L5: 0.0417 | M5: 0 | N5: Full Rim | O5: small | P5: 0.5417
A6: 236095.IHR126B2C0000520 | B6: 53 | C6: 0.8 | D6: 1 | F6: 51 | G6: 11 | H6: 0.216 | I6: 0.1091 | J6: 0.0909 | K6: 0 | L6: 0.1273 | M6: 0 | N6: Full Rim | O6: big/scratch | P6: 0.1273
A7: 239316.IN026082901D | B7: 216 | C7: 1 | D7: 1 | F7: 212 | G7: 11 | H7: 0.052 | I7: 0.0423 | J7: 0.0047 | K7: 0.0047 | L7: 0.0376 | M7: 0.0047 | N7: Full Rim | O7: big | P7: 0.0423
A8: 242145.LSK26072101-A3 | B8: 35 | C8: 0.53 | D8: 1 | F8: 34 | G8: 11 | H8: 0.324 | I8: 0.0488 | J8: 0.0732 | K8: 0.0732 | L8: 0.0488 | M8: 0.0488 | N8: Full Rim | O8: small | P8: 0.0732
A9: 238757.26WLS-425K | B9: 89 | C9: 0.95 | D9: 1 | F9: 78 | G9: 10 | H9: 0.128 | I9: 0.0341 | J9: 0.0227 | K9: 0.0455 | L9: 0.1364 | M9: 0.0114 | N9: Full Rim | O9: scratch/big | P9: 0.1364
A10: 242221.IRJ127B2C0001909 | B10: 14 | C10: 0.33 | D10: 1 | F10: 15 | G10: 10 | H10: 0.667 | I10: 0 | J10: 0.5 | K10: 0 | L10: 0.1111 | M10: 0.0556 | N10: Full Rim | O10: small | P10: 0.5
A11: 207671.IHR127B2C0003243 | B11: 83 | C11: 0.04 | D11: 1 | F11: 85 | G11: 9 | H11: 0.106 | I11: 0.069 | J11: 0.023 | K11: 0.023 | L11: 0.092 | M11: 0 | N11: Full Rim | O11: big/scratch | P11: 0.092
A12: 234768.IRJ127B2C0002027 | B12: 26 | C12: 0.6 | D12: 1 | F12: 20 | G12: 9 | H12: 0.45 | I12: 0 | J12: 0.2963 | K12: 0.037 | L12: 0.037 | M12: 0.037 | N12: Full Rim | O12: small | P12: 0.2963
A13: 211292.FKS26336G | B13: 133 | C13: 0.96 | D13: 1 | F13: 131 | G13: 8 | H13: 0.061 | I13: 0.035 | J13: 0.007 | K13: 0.014 | L13: 0.035 | M13: 0 | N13: Full Rim | O13: big/scratch | P13: 0.035
... A39: 247078.IRJ127B2C0002446 | B39: 23 | C39: 0.85 | D39: 1 | F39: 22 | G39: 5 | H39: 0.227 | I39: 0.1304 | J39: 0 | K39: 0.087 | L39: 0.087 | M39: 0 | N39: Full Rim | O39: big | P39: 0.1304

Sheet Loose Fitting
A1: pid.invoice | B1: Sum of Count of barcode | C1: A | D1: B | E1: CIRC R | F1: CIRC L | G1: AFTER | H1: A1 | I1: B1 | J1: CIRC R1 | K1: CIRC L1 | L1: done by
A2: 150581.IN26029C | B2: 990 | C2: 55.35 | D2: 41.09 | E2: 163.89 | F2: 163.89 | G2: MANUAL | H2: 55.42 | I2: 41.57 | J2: 164.29 | K2: 164.16 | L2: ADITI
A3: 150581.IN26034H | B3: 600 | C3: 55.3 | D3: 40.58 | E3: 163.37 | F3: 163.59 | G3: MANUAL | H3: 55.47 | I3: 41.32 | J3: 164.58 | K3: 163.59 | L3: ADITI
A4: 150581.IN26039G | B4: 442 | C4: 55.36 | D4: 40.39 | E4: 164.3 | F4: 163.3 | G4: MANUAL | H4: 55.61 | I4: 41.1 | J4: 164.62 | K4: 164.03 | L4: ADITI
A5: 150581.IN26026G | B5: 311 | C5: 55.41 | D5: 40.64 | E5: 163.76 | F5: 164.09 | G5: MANUAL | H5: 55.51 | I5: 41.31 | J5: 164.71 | K5: 163.98 | L5: ADITI
A6: 150581.IN26011B | B6: 145 | C6: 55.6 | D6: 40.85 | E6: 165.19 | F6: 164.79 | G6: MANUAL | H6: 55.67 | I6: 41.19 | J6: 165.69 | K6: 164.82 | L6: ADITI
A7: 150581.IN26013E | B7: 123 | C7: 55.39 | D7: 40.76 | E7: 163.62 | F7: 163.62 | G7: MANUAL | H7: 55.5 | I7: 40.86 | J7: 163.69 | K7: 163.69 | L7: ADITI
A8: 150581 | B8: 108 | C8: SHAPE NOT PRESENT | L8: ADITI
A9: 150581.IN26034E | B9: 105 | C9: 55.19 | D9: 40.58 | E9: 163.27 | F9: 163.27 | G9: MANUAL | H9: 55.29 | I9: 40.68 | J9: 163.34 | K9: 163.95 | L9: ADITI
A10: 151703.FKS26175G | B10: 2002 | C10: 50.82 | D10: 43.38 | E10: 153.7 | F10: 153.7 | G10: MANUAL | H10: 50.92 | I10: 43.48 | J10: 153.95 | K10: 153.86 | L10: ADITI
A11: 151703.FKS26170A | B11: 1210 | C11: 50.62 | D11: 43.3 | E11: 153.3 | F11: 153.3 | G11: MANUAL | H11: 50.74 | I11: 43.41 | J11: 153.59 | K11: 153.63 | L11: ADITI
A12: 151703.FKS26308C | B12: 761 | C12: 50.42 | D12: 43.2 | E12: 154.07 | F12: 153.79 | G12: MANUAL | H12: 50.88 | I12: 43.5 | J12: 154.1 | K12: 155.09 | L12: ADITI
A13: 151703.FKS26285D | B13: 410 | C13: 50.86 | D13: 43.26 | E13: 153.97 | F13: 153.92 | G13: MANUAL | H13: 51 | I13: 43.46 | J13: 154.2 | K13: 154.07 | L13: ADITI
A14: 151703.FKS26199F | B14: 220 | C14: 50.95 | D14: 43.26 | E14: 154.54 | F14: 154.29 | G14: MANUAL | H14: 51.07 | I14: 43.63 | J14: 154.77 | K14: 155.1 | L14: ADITI
A15: 151703.FKS26154A | B15: 204 | C15: 50.61 | D15: 43.54 | E15: 154.09 | F15: 154 | G15: MANUAL | H15: 50.75 | I15: 43.64 | J15: 154.16 | K15: 154.16 | L15: ADITI
A16: 151703.FKS26154O | B16: 200 | C16: 50.6 | D16: 43.44 | E16: 153.98 | F16: 153.87 | G16: MANUAL | H16: 50.79 | I16: 43.54 | J16: 154.12 | K16: 154.27 | L16: ADITI
A17: 151703.FKS26119F | B17: 197 | C17: 50.66 | D17: 43.13 | E17: 153.53 | F17: 153.55 | G17: MANUAL | H17: 50.7 | I17: 43.45 | J17: 154.1 | K17: 153.47 | L17: ADITI
A18: 204392.LM2647C | B18: 1356 | C18: 44.38 | D18: 37.13 | E18: 131.41 | F18: 131.09 | G18: MANUAL | H18: 44.43 | I18: 37.17 | J18: 131.42 | K18: 131.14 | L18: ADITI
A19: 204392.LM2644A | B19: 352 | C19: 44.61 | D19: 37.16 | E19: 131.74 | F19: 132.11 | G19: MANUAL | H19: 44.62 | I19: 37.34 | J19: 132.08 | K19: 132.21 | L19: ADITI
A20: 204402.LM2647C | B20: 1440 | C20: 46.6 | D20: 35.67 | E20: 136.79 | F20: 136.87 | G20: MANUAL | H20: 46.65 | I20: 35.74 | J20: 136.84 | K20: 137.12 | L20: ADITI
... A26: 207481.IN26057C | B26: 2616 | C26: 50.7 | D26: 43.02 | E26: 153.73 | F26: 153.67 | G26: MANUAL | H26: 50.79 | I26: 43.07 | J26: 153.94 | K26: 153.75 | L26: ADITI
A27: 207481.IHR127B2C0003241 | B27: 603 | C27: SHAPE NOT PRESENT | L27: ADITI
A28: 207481.IHR127B2C0002955 | B28: 326 | C28: 51.14 | D28: 43.41 | E28: 155 | F28: 154.63 | G28: MANUAL | H28: 51.26 | I28: 43.52 | J28: 155.32 | K28: 154.99 | L28: ADITI
A29: 207481.IHR127B2C0003013 | B29: 317 | C29: 51.14 | D29: 43.4 | E29: 155 | F29: 154.71 | G29: MANUAL | H29: 51.25 | I29: 43.51 | J29: 155.33 | K29: 155.33 | L29: ADITI
A30: 207481.IHR127B2C0002083 | B30: 305 | C30: 50.91 | D30: 42.79 | E30: 154 | F30: 153.72 | G30: MANUAL | H30: 51.03 | I30: 42.9 | J30: 154.29 | K30: 154.29 | L30: ADITI
A31: 207481.IHR127B2C0003275 | B31: 300 | C31: SHAPE NOT PRESENT | L31: ADITI
A32: 207481.IHR127B2C0002069 | B32: 270 | C32: SHAPE NOT PRESENT | L32: ADITI
A33: 207481.IHR127B2C0003258 | B33: 268 | C33: 51.82 | D33: 43.69 | E33: 156.61 | F33: 156.07 | G33: MANUAL | H33: 51.93 | I33: 43.81 | J33: 156.93 | K33: 156.93 | L33: ADITI
A34: 207481.IHR127B2C0002998 | B34: 240 | C34: SHAPE NOT PRESENT | L34: ADITI
A35: 207481.IN26034L | B35: 217 | C35: 50.59 | D35: 43.07 | E35: 153.87 | F35: 153.75 | G35: MANUAL | H35: 50.79 | I35: 43.41 | J35: 154.27 | K35: 153.99 | L35: ADITI
A36: 207481.IHR127B2C0001885 | B36: 153 | C36: 50.78 | D36: 42.85 | E36: 153.86 | F36: 153.82 | G36: MANUAL | H36: 50.89 | I36: 42.96 | J36: 154.1 | K36: 154.1 | L36: ADITI
A37: 207481.IHR127B2C0001842 | B37: 141 | C37: SHAPE NOT PRESENT | L37: ADITI
A38: 207481.IHR127B2C0002092 | B38: 126 | C38: 50.61 | D38: 42.89 | E38: 153.59 | F38: 153.93 | G38: MANUAL | H38: 50.62 | I38: 42.89 | J38: 153.46 | K38: 155.07 | L38: ADITI
A39: 207481 | B39: 121 | C39: 51.26 | D39: 43.45 | E39: 155.51 | F39: 155.29 | G39: MANUAL | H39: 51.31 | I39: 43.51 | J39: 155.64 | K39: 155.45 | L39: ADITI
A40: 207481.IHR127B2C0001875 | B40: 98 | C40: 51.15 | D40: 43.01 | E40: 154.61 | F40: 154.61 | G40: MANUAL | H40: 51.25 | I40: 43.12 | J40: 154.96 | K40: 154.93 | L40: ADITI
A41: 207481.IHR127B2C0001190 | B41: 88 | C41: 50.64 | D41: 42.67 | E41: 153.38 | F41: 153.38 | G41: MANUAL | H41: 50.74 | I41: 42.77 | J41: 153.65 | K41: 153.65 | L41: ADITI
A42: 207481.IHR127B2C0001895 | B42: 85 | C42: SHAPE NOT PRESENT | L42: ADITI
A43: 218763.FKS26317H | B43: 2540 | C43: 52.2 | D43: 38.92 | E43: 152 | F43: 151.88 | G43: MANUAL | H43: 52.3 | I43: 38.92 | J43: 152.18 | K43: 152.18 | L43: ADITI
A44: 218763.FKS26325D | B44: 1598 | C44: SHAPE NOT PRESENT | L44: ADITI
A45: 218763.FKS26190O | B45: 819 | C45: 51.97 | D45: 38.71 | E45: 151.67 | F45: 151.58 | G45: MANUAL | H45: 52.05 | I45: 38.73 | J45: 151.73 | K45: 151.4 | L45: ADITI
A46: 218763.FKS26200N | B46: 811 | C46: 52.01 | D46: 38.58 | E46: 151.82 | F46: 151.74 | G46: MANUAL | H46: 52.11 | I46: 38.83 | J46: 152.25 | K46: 151.57 | L46: ADITI
A47: 218763.FKS26180M | B47: 770 | C47: 52.16 | D47: 38.41 | E47: 151.52 | F47: 151.93 | G47: MANUAL | H47: 52.16 | I47: 38.89 | J47: 152.18 | K47: 151.98 | L47: ADITI
A48: 218763.FKS26209L | B48: 425 | C48: 51.93 | D48: 38.51 | E48: 151.56 | F48: 151.71 | G48: MANUAL | H48: 52.11 | I48: 38.64 | J48: 151.91 | K48: 151.51 | L48: ADITI
A49: 218763.FKS26200L | B49: 404 | C49: 52.18 | D49: 38.19 | E49: 151.64 | F49: 151.64 | G49: MANUAL | H49: 52.18 | I49: 52.18 | J49: 152.34 | K49: 151.57 | L49: ADITI
A50: 218763.FKS26231O | B50: 293 | C50: 52.08 | D50: 38.66 | E50: 151.78 | F50: 151.83 | G50: MANUAL | H50: 52.14 | I50: 38.79 | J50: 151.95 | K50: 151.69 | L50: ADITI
A51: 218763.FKS26231P | B51: 211 | C51: 52.06 | D51: 38.64 | E51: 151.81 | F51: 151.59 | G51: MANUAL | H51: 52.07 | I51: 38.82 | J51: 151.97 | K51: 151.47 | L51: ADITI
A52: 218763.FKS26197N | B52: 205 | C52: 52.38 | D52: 39.02 | E52: 152.65 | F52: 152.65 | G52: MANUAL | H52: 52.39 | I52: 39.07 | J52: 152.77 | K52: 152.77 | L52: ADITI
A53: 218763.FKS26198N | B53: 191 | C53: 52.29 | D53: 38.82 | E53: 152.39 | F53: 152.34 | G53: MANUAL | H53: 52.31 | I53: 38.89 | J53: 152.56 | K53: 152.37 | L53: ADITI
A54: 222271.26L150E | B54: 1770 | C54: 54.12 | D54: 42.61 | E54: 162.63 | F54: 162.73 | G54: MANUAL | H54: 54.22 | I54: 42.74 | J54: 162.72 | K54: 162.78 | L54: ADITI
A55: 222271.26L150C | B55: 1627 | C55: 54.28 | D55: 42.83 | E55: 163.04 | F55: 163.24 | G55: MANUAL | H55: 54.32 | I55: 42.85 | J55: 163.14 | K55: 163.29 | L55: ADITI
A56: 222271.26L165E | B56: 1002 | C56: 54.13 | D56: 42.7 | E56: 162.67 | F56: 162.53 | G56: MANUAL | H56: 54.24 | I56: 42.72 | J56: 162.57 | K56: 162.62 | L56: ADITI
... A87: 236146.26L134G | B87: 398 | C87: 53.01 | D87: 39.86 | E87: 154.94 | F87: 155.01 | G87: MANUAL | H87: 53.36 | I87: 39.86 | J87: 155.33 | K87: 154.93 | L87: DHANENDRA
A88: 236146.26L182D | B88: 249 | C88: SHAPE NOT PRESENT | L88: DHANENDRA
A89: 236146.26L108B | B89: 223 | C89: 53.07 | D89: 39.76 | E89: 154.85 | F89: 154.77 | G89: MANUAL | H89: 53.31 | I89: 39.93 | J89: 155.09 | K89: 154.83 | L89: DHANENDRA
A90: 237758.HV26784 | B90: 817 | C90: SHAPE NOT PRESENT | L90: DHANENDRA
A91: 238755.26WLS-426B | B91: 877 | C91: 52.75 | D91: 41.86 | E91: 157.28 | F91: 157.38 | G91: MANUAL | H91: 52.81 | I91: 42.08 | J91: 157.55 | K91: 157.21 | L91: DHANENDRA
A92: 238755.26WLS-394H | B92: 513 | C92: 52.65 | D92: 41.98 | E92: 157.02 | F92: 157.15 | G92: MANUAL | H92: 52.77 | I92: 42.06 | J92: 157.39 | K92: 157.22 | L92: DHANENDRA
A93: 238755.26WLS-394F | B93: 330 | C93: 52.71 | D93: 41.93 | E93: 157.02 | F93: 157.17 | G93: MANUAL | H93: 52.76 | I93: 42.04 | J93: 157.31 | K93: 157.21 | L93: DHANENDRA
A94: 238757.26WLS-425K | B94: 1633 | C94: 53.86 | D94: 39.09 | E94: 156.01 | F94: 155.66 | G94: MANUAL | H94: 54.28 | I94: 39.17 | J94: 156.08 | K94: 156.1 | L94: DHANENDRA
A95: 238757.26WLS-426B | B95: 684 | C95: 53.84 | D95: 39.05 | E95: 155.89 | F95: 155.97 | G95: MANUAL | H95: 54.3 | I95: 39.24 | J95: 156.17 | K95: 155.91 | L95: DHANENDRA
A96: 239183.26L049B | B96: 84 | C96: 51.15 | D96: 41.09 | E96: 155.43 | F96: 155.6 | G96: MANUAL | H96: 51.2 | I96: 41.1 | J96: 155.52 | K96: 155.7 | L96: DHANENDRA
A97: 241183.IN26052J | B97: 900 | C97: 49.88 | D97: 39.02 | E97: 148.32 | F97: 148.34 | G97: MANUAL | H97: 49.92 | I97: 39.3 | J97: 148.72 | K97: 148.27 | L97: DHANENDRA
A98: 241183.IN26055E | B98: 639 | C98: 49.99 | D98: 39.09 | E98: 148.52 | F98: 148.6 | G98: MANUAL | H98: 50 | I98: 39.36 | J98: 148.88 | K98: 148.54 | L98: DHANENDRA
A99: 241183.IN26052D | B99: 309 | C99: 50.01 | D99: 39.21 | E99: 148.69 | F99: 148.61 | G99: MANUAL | H99: 50.04 | I99: 39.55 | J99: 149.11 | K99: 148.59 | L99: DHANENDRA
A100: 241183.IN26052B | B100: 304 | C100: 49.98 | D100: 39.17 | E100: 148.31 | F100: 148.31 | G100: MANUAL | H100: 49.99 | I100: 49.99 | J100: 148.36 | K100: 148.36 | L100: DHANENDRA
A101: 241183.IN26067D | B101: 300 | C101: 50.11 | D101: 39.3 | E101: 148.9 | F101: 148.92 | G101: MANUAL | H101: 50.19 | I101: 39.58 | J101: 149.39 | K101: 149.1 | L101: DHANENDRA
A102: 241186.IN26052E | B102: 900 | C102: 49.71 | D102: 39.13 | E102: 148.59 | F102: 148.59 | G102: MANUAL | H102: 49.85 | I102: 39.33 | J102: 148.94 | K102: 148.88 | L102: DHANENDRA
... A128: 241854.IN26066I | B128: 373 | C128: 50.89 | D128: 40.21 | E128: 153.42 | F128: 154.2 | G128: MANUAL | H128: 51.03 | I128: 40.28 | J128: 153.72 | K128: 154.23 | L128: DHANENDRA
A129: 243073.263117-B | B129: 81 | C129: SHAPE NOT PRESENT | L129: DHANENDRA
A130: 245621.FKS26270I | B130: 34 | C130: 52.49 | D130: 42.01 | E130: 155.46 | F130: 155.46 | G130: MANUAL | H130: 52.53 | I130: 42.05 | J130: 155.63 | K130: 155.63 | L130: DHANENDRA

Sheet 15-19 SEP
A1: frame_product_id | B1: vendor_invoice | C1: PID.INVOICE | D1: Total Items | E1: QC Done (DOT) | F1: MEI Fail (DOT) | G1: MEI Fail % (DOT) | H1: First frame_type | I1: BIG | J1: SMALL | K1: CHIP | L1: SCRATCH | M1: WRONG SHAPE | N1: ISSUE | O1: PERCENTAGE | P1: check1
A2: 241074 | B2: IRJ127B2C0002437 | C2: 241074.IRJ127B2C0002437 | D2: 11 | E2: 11 | F2: 6 | G2: 0.545 | H2: Full Rim | I2: 0.3077 | J2: 0.0769 | K2: 0.0769 | L2: 0.1538 | M2: 0 | N2: BIG | O2: 0.3077 | P2: =VLOOKUP(C:C,'Loose Fitting'!A:A,1,0) -> #N/A
A3: 234791 | B3: IRJ127B2C0002125 | C3: 234791.IRJ127B2C0002125 | D3: 121 | E3: 111 | F3: 33 | G3: 0.297 | H3: Full Rim | I3: 0.1812 | J3: 0.0671 | K3: 0 | L3: 0.0403 | M3: 0.0403 | N3: BIG | O3: 0.1812 | P3: =VLOOKUP(C:C,'Loose Fitting'!A:A,1,0) -> #N/A
A4: 247078 | B4: IRJ127B2C0002446 | C4: 247078.IRJ127B2C0002446 | D4: 25 | E4: 25 | F4: 7 | G4: 0.28 | H4: Full Rim | I4: 0.1667 | J4: 0.0333 | K4: 0.0333 | L4: 0.0667 | M4: 0 | N4: BIG | O4: 0.1667 | P4: =VLOOKUP(C:C,'Loose Fitting'!A:A,1,0) -> #N/A
A5: 236092 | B5: IHR127B2C0001880 | C5: 236092.IHR127B2C0001880 | D5: 40 | E5: 40 | F5: 6 | G5: 0.15 | H5: Full Rim | I5: 0.0976 | J5: 0.0488 | K5: 0 | L5: 0.0244 | M5: 0 | N5: BIG | O5: 0.0976 | P5: =VLOOKUP(C:C,'Loose Fitting'!A:A,1,0) -> #N/A
A6: 234791 | B6: IRJ127B2C0001934 | C6: 234791.IRJ127B2C0001934 | D6: 39 | E6: 41 | F6: 5 | G6: 0.122 | H6: Full Rim | I6: 0.0909 | J6: 0 | K6: 0.0227 | L6: 0 | M6: 0.0227 | N6: BIG | O6: 0.0909 | P6: =VLOOKUP(C:C,'Loose Fitting'!A:A,1,0) -> #N/A
A7: 241117 | B7: IRJ127B2C0002503 | C7: 241117.IRJ127B2C0002503 | D7: 61 | E7: 57 | F7: 7 | G7: 0.123 | H7: Full Rim | I7: 0.0678 | J7: 0.0169 | K7: 0.0169 | L7: 0.0508 | M7: 0.0169 | N7: BIG | O7: 0.0678 | P7: =VLOOKUP(C:C,'Loose Fitting'!A:A,1,0) -> #N/A
A8: 217079 | B8: LSK26082501-A7 | C8: 217079.LSK26082501-A7 | D8: 149 | E8: 144 | F8: 8 | G8: 0.056 | H8: Full Rim | I8: 0.0411 | J8: 0 | K8: 0.0068 | L8: 0.0342 | M8: 0.0068 | N8: BIG | O8: 0.0411 | P8: =VLOOKUP(C:C,'Loose Fitting'!A:A,1,0) -> #N/A
A9: 222280 | B9: 26L160C | C9: 222280.26L160C | D9: 76 | E9: 81 | F9: 5 | G9: 0.062 | H9: Full Rim | I9: 0.0361 | J9: 0 | K9: 0 | L9: 0.012 | M9: 0.0241 | N9: BIG | O9: 0.0361 | P9: =VLOOKUP(C:C,'Loose Fitting'!A:A,1,0) -> #N/A
A10: 137971 | B10: FKS26228F | C10: 137971.FKS26228F | D10: 119 | E10: 122 | F10: 9 | G10: 0.074 | H10: Full Rim | I10: 0.0391 | J10: 0.0313 | K10: 0.0156 | L10: 0.0469 | M10: 0 | N10: BIG /SCRATCH | O10: 0.0469 | P10: =VLOOKUP(C:C,'Loose Fitting'!A:A,1,0) -> #N/A
A11: 222280 | B11: 26L160B | C11: 222280.26L160B | D11: 65 | E11: 67 | F11: 8 | G11: 0.119 | H11: Full Rim | I11: 0.0857 | J11: 0 | K11: 0.0143 | L11: 0.0857 | M11: 0.0143 | N11: BIG/SCRATCH | O11: 0.0857 | P11: =VLOOKUP(C:C,'Loose Fitting'!A:A,1,0) -> #N/A
A12: 241089 | B12: IRJ127B2C0001744 | C12: 241089.IRJ127B2C0001744 | D12: 114 | E12: 106 | F12: 15 | G12: 0.142 | H12: Full Rim | I12: 0.0796 | J12: 0 | K12: 0.0708 | L12: 0.0973 | M12: 0 | N12: BIG/SCRATCH | O12: 0.0973 | P12: =VLOOKUP(C:C,'Loose Fitting'!A:A,1,0) -> #N/A
A13: 222135 | B13: KC078260616 | C13: 222135.KC078260616 | D13: 91 | E13: 90 | F13: 5 | G13: 0.056 | H13: Full Rim | I13: 0.0222 | J13: 0.0111 | K13: 0.0111 | L13: 0.0222 | M13: 0.0111 | N13: BIG/SCRATCH | O13: 0.0222 | P13: =VLOOKUP(C:C,'Loose Fitting'!A:A,1,0) -> #N/A
... A37: 244798 | B37: 26WLS-331B | C37: 244798.26WLS-331B | D37: 14 | E37: 13 | F37: 10 | G37: 0.769 | H37: Full Rim | I37: 0.1111 | J37: 0.0556 | K37: 0.0556 | L37: 0.1111 | M37: 0.3889 | N37: WRONG SHAPE | O37: 0.3889 | P37: =VLOOKUP(C:C,'Loose Fitting'!A:A,1,0) -> #N/A

Sheet 12-14 SEP
A1: PID.INVOICE | B1: Total Items | C1: QC Done (DOT) | D1: MEI Fail (DOT) | E1: MEI Fail % (DOT) | F1: First frame_type | G1: BIG | H1: SMALL | I1: CHIP | J1: WRONG SHAPE | K1: SCRATCH | L1: ISSUE | M1: PERCENTAGE
A2: 241186.IN26056C | B2: 19 | C2: 16 | D2: 3 | E2: 0.188 | F2: Full Rim | G2: 0.1875 | H2: 0 | I2: 0 | J2: 0 | K2: 0.0625 | L2: BIG | M2: 0.1875
A3: 206728.FKS26191E | B3: 43 | C3: 41 | D3: 6 | E3: 0.146 | F3: Full Rim | G3: 0.119 | H3: 0 | I3: 0.0238 | J3: 0 | K3: 0.0952 | L3: BIG | M3: 0.119
A4: 245911.FKS26218I | B4: 54 | C4: 52 | D4: 5 | E4: 0.096 | F4: Full Rim | G4: 0.0962 | H4: 0 | I4: 0 | J4: 0 | K4: 0.0385 | L4: BIG | M4: 0.0962
A5: 221172.FKS26304A | B5: 53 | C5: 52 | D5: 5 | E5: 0.096 | F5: Full Rim | G5: 0.0943 | H5: 0 | I5: 0 | J5: 0 | K5: 0.0189 | L5: BIG | M5: 0.0943
A6: 246865.FKS26210F | B6: 32 | C6: 31 | D6: 3 | E6: 0.097 | F6: Full Rim | G6: 0.0909 | H6: 0 | I6: 0 | J6: 0 | K6: 0.0606 | L6: BIG | M6: 0.0909
A7: 217659.FKS26190E | B7: 52 | C7: 53 | D7: 3 | E7: 0.057 | F7: Full Rim | G7: 0.0566 | H7: 0 | I7: 0 | J7: 0 | K7: 0.0377 | L7: BIG | M7: 0.0566
A8: 241185.IN26054E | B8: 38 | C8: 37 | D8: 4 | E8: 0.108 | F8: Full Rim | G8: 0.0541 | H8: 0.027 | I8: 0.027 | J8: 0 | K8: 0 | L8: BIG | M8: 0.0541
A9: 239021.FKS26323A | B9: 79 | C9: 79 | D9: 4 | E9: 0.051 | F9: Full Rim | G9: 0.038 | H9: 0 | I9: 0.0127 | J9: 0 | K9: 0.0253 | L9: BIG | M9: 0.038
A10: 211293.FKS26182D | B10: 55 | C10: 52 | D10: 3 | E10: 0.058 | F10: Full Rim | G10: 0.037 | H10: 0 | I10: 0.0185 | J10: 0 | K10: 0 | L10: BIG | M10: 0.037
A11: 241112.IRJ127B2C0002302 | B11: 28 | C11: 28 | D11: 3 | E11: 0.107 | F11: Full Rim | G11: 0.0714 | H11: 0 | I11: 0.0714 | J11: 0 | K11: 0 | L11: BIG/CHIP | M11: 0.0714
A12: 241100.IRJ127B2C0002100 | B12: 64 | C12: 61 | D12: 4 | E12: 0.066 | F12: Full Rim | G12: 0.0625 | H12: 0 | I12: 0.0313 | J12: 0 | K12: 0.0625 | L12: BIG/SCRATCH | M12: 0.0625
A13: 241124.IRJ127B2C0002671 | B13: 49 | C13: 47 | D13: 3 | E13: 0.064 | F13: Full Rim | G13: 0.0417 | H13: 0 | I13: 0 | J13: 0.0208 | K13: 0.0417 | L13: BIG/SCRATCH | M13: 0.0417
... A22: 206775.WMW26YFS0128A | B22: 22 | C22: 23 | D22: 3 | E22: 0.13 | F22: Full Rim | G22: 0 | H22: 0.1304 | I22: 0 | J22: 0 | K22: 0.0435 | L22: SMALL | M22: 0.1304

Sheet SHAPE 10-12 SEP
A1: PID.INVOICE | B1: Total Items | C1: QC Done (DOT) | D1: MEI Fail (DOT) | E1: MEI Fail % (DOT) | F1: First frame_type | G1: ISSUE | H1: PERCENTAGE
A2: 245915.FKS26272 | B2: 7 | C2: 9 | D2: 4 | E2: 0.444 | F2: Full Rim | G2: BIG | H2: 0.0972
A3: 241094.IRJ127B2C0002470 | B3: 26 | C3: 23 | D3: 6 | E3: 0.261 | F3: Full Rim | G3: BIG | H3: 0.16
A4: 234791.IRJ127B2C0001913 | B4: 42 | C4: 38 | D4: 9 | E4: 0.237 | F4: Full Rim | G4: BIG | H4: 0.1333
A5: 247138.FKS26245 | B5: 56 | C5: 54 | D5: 5 | E5: 0.093 | F5: Full Rim | G5: BIG | H5: 0.0556
A6: 206728.FKS26197H | B6: 66 | C6: 62 | D6: 4 | E6: 0.065 | F6: Full Rim | G6: BIG | H6: 0.0476
A7: 137934.FS2619C | B7: 71 | C7: 65 | D7: 4 | E7: 0.062 | F7: Full Rim | G7: BIG | H7: 0.0448
A8: 240785.FKS26297A | B8: 65 | C8: 65 | D8: 4 | E8: 0.062 | F8: Full Rim | G8: BIG | H8: 0.0615
A9: 210433.FKS26197T | B9: 106 | C9: 102 | D9: 6 | E9: 0.059 | F9: Full Rim | G9: BIG | H9: 0.049
A10: 240000.IN026071404E | B10: 9 | C10: 8 | D10: 6 | E10: 0.75 | F10: Full Rim | G10: BIG/CHIP | H10: 0.3333
A11: 245915.FKS26272 | B11: 72 | C11: 71 | D11: 14 | E11: 0.197 | F11: Full Rim | G11: BIG/CHIP | H11: 0.0972
A12: 241093.IRJ127B2C0002248 | B12: 27 | C12: 28 | D12: 4 | E12: 0.143 | F12: Full Rim | G12: BIG/SCRATCH | H12: 0.129
A13: 236141.26L123F | B13: 93 | C13: 88 | D13: 5 | E13: 0.057 | F13: Full Rim | G13: BIG/SCRATCH | H13: 0.0444
... A26: 231612.IN26054P | B26: 37 | C26: 36 | D26: 4 | E26: 0.111 | F26: Full Rim | G26: WRONG SHAPE | H26: 0.0541

Sheet daily report
A1: PID.INVOICE
A2: 242206.26WLS-310C | B2: 219545.FKS26200O
A3: 239839.CIN-000001218048 | B3: 146653.F2604A
A4: 225336.IRJ127B2C0000270 | B4: 246227.LSK26070801-A3
A5: 239999.IN026062202D | B5: 148524.FKS26186J
A6: 238757.26WLS-313B | B6: 221282.LSK26062202-A3
A7: 239839.CIN-000001093608 | B7: 241113.IRJ127B2C0001389
A8: 246233.LSK26060502-A12 | B8: 210433.FKS26197T
A9: 234769.IRJ127B2C0001392 | B9: 210433.FKS26198O
A10: 227035.26Y079 | B10: 241854.IN26045F
A11: 241119.IRJ127B2C0001558 | B11: 241124.IRJ127B2C0001634
A12: 234804.IRJ127B2C0001660 | B12: 241089.IRJ127B2C0001689
A13: 241117.IRJ127B2C0001436 | B13: 137971.FKS26223B
... A18: 239839.CIN-000001093608 | B18: 213182.LSK26062202-A7
A19: 234791 | B19: 146622.26WLS-332E
A20: 206775.WMW26YFS0128D | B20: 241119.IRJ127B2C0001593

Sheet Sheet32

Sheet IMPORTANT
A2: FAIL REASON | B2: PID | C2: PID.INVOICE | D2: FAIL COUNT | E2: status
A3: SMALL SIZE | B3: 228743 | C3: 228743.26YC063B | D3: 92 | E3: =VLOOKUP(C3,'14-18 JULY'!C:C,1,0) -> #N/A
A4: SMALL SIZE | B4: 228743 | C4: 228743.26YC063 | D4: 76 | E4: =VLOOKUP(C4,'14-18 JULY'!C:C,1,0) -> #N/A
A5: SMALL SIZE | B5: 228743 | C5: 228743.26YC049 | D5: 50 | E5: DONE
A6: SMALL SIZE | B6: 228743 | C6: 228743.26YC064B | D6: 31 | E6: =VLOOKUP(C6,'14-18 JULY'!C:C,1,0) -> #N/A
A7: SMALL SIZE | B7: 234796 | C7: 234796.CIN-000001462531 | D7: 193 | E7: DONE
A8: SMALL SIZE | B8: 234796 | C8: 234796.IRJ126B2C0001235 | D8: 106 | E8: DONE
A9: SMALL SIZE | B9: 234796 | C9: 234796.CIN-000001467074 | D9: 80 | E9: DONE
A10: SMALL SIZE | B10: 220126 | C10: 220126.H2630 | D10: 106 | E10: DONE
A11: SMALL SIZE | B11: 220126 | C11: 220126.H2628B | D11: 54 | E11: =VLOOKUP(C11,'14-18 JULY'!C:C,1,0) -> #N/A
A12: SMALL SIZE | B12: 225336 | C12: 225336.IRJ127B2C0000270 | D12: 127 | E12: =VLOOKUP(C12,'14-18 JULY'!C:C,1,0) -> #N/A
A13: SMALL SIZE | B13: 225336 | C13: 225336.IRJ126B2C0003378 | D13: 44 | E13: =VLOOKUP(C13,'14-18 JULY'!C:C,1,0) -> #N/A
A14: SMALL SIZE | B14: 225336 | C14: 225336.IRJ126B2C0001387 | D14: 35 | E14: DONE
A15: SMALL SIZE | B15: 225336 | C15: 225336.IRJ127B2C0000223 | D15: 33 | E15: DONE
A16: SMALL SIZE | B16: 234797 | C16: 234797.IRJ127B2C0000394 | D16: 36 | E16: =VLOOKUP(C16,'14-18 JULY'!C:C,1,0) -> #N/A
A17: SMALL SIZE | B17: 234797 | C17: 234797.IRJ127B2C0000958 | D17: 29 | E17: =VLOOKUP(C17,'14-18 JULY'!C:C,1,0) -> #N/A
A18: SMALL SIZE | B18: 243271 | C18: 243271.LSK26060502-A8 | D18: 91 | E18: =VLOOKUP(C18,'14-18 JULY'!C:C,1,0) -> #N/A
A19: SMALL SIZE | B19: 219825 | C19: 219825.LSK26060502-A15 | D19: 136 | E19: DONE
A20: SMALL SIZE | B20: 219825 | C20: 219825.LSK20260521-A3 | D20: 26 | E20: =VLOOKUP(C20,'14-18 JULY'!C:C,1,0) -> #N/A
A21: SMALL SIZE | B21: 241097 | C21: 241097.IRJ127B2C0001064 | D21: 54 | E21: =VLOOKUP(C21,'14-18 JULY'!C:C,1,0) -> #N/A
A22: SMALL SIZE | B22: 201272 | C22: 201272.FKS26098A | D22: 145 | E22: =VLOOKUP(C22,'14-18 JULY'!C:C,1,0) -> #N/A
A23: SMALL SIZE | B23: 201272 | C23: 201272.SLK260409E | D23: 38 | E23: =VLOOKUP(C23,'14-18 JULY'!C:C,1,0) -> #N/A
A24: SMALL SIZE | B24: 241112 | C24: 241112.IRJ127B2C000801 | D24: 12 | E24: =VLOOKUP(C24,'14-18 JULY'!C:C,1,0) -> #N/A
A25: SMALL SIZE | B25: 241112 | C25: 241112.IRJ127B2C0000715 | D25: 6 | E25: =VLOOKUP(C25,'14-18 JULY'!C:C,1,0) -> #N/A
A26: SMALL SIZE | B26: 241112 | C26: 241112.IRJ127B2C0000829 | D26: 5 | E26: =VLOOKUP(C26,'14-18 JULY'!C:C,1,0) -> #N/A
A27: SMALL SIZE | B27: 241112 | C27: 241112.IRJ127B2C000797 | D27: 4 | E27: =VLOOKUP(C27,'14-18 JULY'!C:C,1,0) -> #N/A
A28: SMALL SIZE | B28: 241112 | C28: 241112.IRJ127B2C0001028 | D28: 4 | E28: =VLOOKUP(C28,'14-18 JULY'!C:C,1,0) -> #N/A
A29: SMALL SIZE | B29: 217873 | C29: 217873.263053-E | D29: 41 | E29: =VLOOKUP(C29,'14-18 JULY'!C:C,1,0) -> #N/A
A30: SMALL SIZE | B30: 217873 | C30: 217873.263052-G | D30: 39 | E30: =VLOOKUP(C30,'14-18 JULY'!C:C,1,0) -> #N/A
A31: SMALL SIZE | B31: 217873 | C31: 217873.263058-G | D31: 38 | E31: =VLOOKUP(C31,'14-18 JULY'!C:C,1,0) -> #N/A
... A51: SMALL SIZE | B51: 234793 | C51: 234793.IRJ127B2C0000608 | D51: 6 | E51: =VLOOKUP(C51,'14-18 JULY'!C:C,1,0) -> #N/A
A52: SMALL SIZE | B52: 218966 | C52: 218966.IRJ127B2C000807 | D52: 36 | E52: DONE
A53: SMALL SIZE | B53: 218966 | C53: 218966.IRJ127B2C0000380 | D53: 9 | E53: =VLOOKUP(C53,'14-18 JULY'!C:C,1,0) -> #N/A
A54: SMALL SIZE | B54: 218966 | C54: 218966.IRJ127B2C0000086 | D54: 8 | E54: =VLOOKUP(C54,'14-18 JULY'!C:C,1,0) -> #N/A
A55: SMALL SIZE | B55: 227606 | C55: 227606.26Y086 | D55: 287 | E55: =VLOOKUP(C55,'14-18 JULY'!C:C,1,0) -> #N/A
A56: SMALL SIZE | B56: 227606 | C56: 227606.26Y071 | D56: 28 | E56: =VLOOKUP(C56,'14-18 JULY'!C:C,1,0) -> #N/A
A57: SMALL SIZE | B57: 227606 | C57: 227606.26Y087 | D57: 10 | E57: =VLOOKUP(C57,'14-18 JULY'!C:C,1,0) -> #N/A
A58: SMALL SIZE | B58: 218222 | C58: 218222.IHR127B2C0002800 | D58: 10 | E58: =VLOOKUP(C58,'14-18 JULY'!C:C,1,0) -> #N/A
A59: SMALL SIZE | B59: 218222 | C59: 218222.CIN-000001075510 | D59: 4 | E59: =VLOOKUP(C59,'14-18 JULY'!C:C,1,0) -> #N/A
A60: SMALL SIZE | B60: 220577 | C60: 220577.H2629 | D60: 70 | E60: =VLOOKUP(C60,'14-18 JULY'!C:C,1,0) -> #N/A
A61: SMALL SIZE | B61: 220577 | C61: 220577.H2630 | D61: 16 | E61: =VLOOKUP(C61,'14-18 JULY'!C:C,1,0) -> #N/A
A62: SMALL SIZE | B62: 220577 | C62: 220577.H2628 | D62: 15 | E62: =VLOOKUP(C62,'14-18 JULY'!C:C,1,0) -> #N/A
A63: SMALL SIZE | B63: 220577 | C63: 220577.H2617 | D63: 12 | E63: =VLOOKUP(C63,'14-18 JULY'!C:C,1,0) -> #N/A
A64: SMALL SIZE | B64: 220577 | C64: 220577.H2629A | D64: 10 | E64: =VLOOKUP(C64,'14-18 JULY'!C:C,1,0) -> #N/A
... A75: SMALL SIZE | B75: 207671 | C75: 207671.IHR127B2C0002260 | D75: 120 | E75: =VLOOKUP(C75,'14-18 JULY'!C:C,1,0) -> #N/A
A76: SMALL SIZE | B76: 207671 | C76: 207671.IHR127B2C0002511 | D76: 115 | E76: DONE
A77: SMALL SIZE | B77: 207671 | C77: 207671.IN26041E | D77: 66 | E77: =VLOOKUP(C77,'14-18 JULY'!C:C,1,0) -> #N/A
A78: SMALL SIZE | B78: 207671 | C78: 207671.IHR127B2C0002233 | D78: 54 | E78: =VLOOKUP(C78,'14-18 JULY'!C:C,1,0) -> #N/A
A79: SMALL SIZE | B79: 207671 | C79: 207671.IHR127B2C0002647 | D79: 44 | E79: =VLOOKUP(C79,'14-18 JULY'!C:C,1,0) -> #N/A
A80: SMALL SIZE | B80: 134746 | C80: 134746.FKS26140O | D80: 25 | E80: =VLOOKUP(C80,'14-18 JULY'!C:C,1,0) -> #N/A
A81: SMALL SIZE | B81: 134746 | C81: 134746.FKS26148F | D81: 25 | E81: =VLOOKUP(C81,'14-18 JULY'!C:C,1,0) -> #N/A
A82: SMALL SIZE | B82: 134746 | C82: 134746.FKS26162K | D82: 12 | E82: =VLOOKUP(C82,'14-18 JULY'!C:C,1,0) -> #N/A
A83: SMALL SIZE | B83: 134746 | C83: 134746.FKS26103D | D83: 7 | E83: =VLOOKUP(C83,'14-18 JULY'!C:C,1,0) -> #N/A
A84: SMALL SIZE | B84: 134746 | C84: 134746.FKS26165F | D84: 5 | E84: =VLOOKUP(C84,'14-18 JULY'!C:C,1,0) -> #N/A
A85: BIG SIZE | B85: 234796 | C85: 234796.CIN-000001462531 | D85: 193 | E85: DONE
A86: BIG SIZE | B86: 234796 | C86: 234796.IRJ126B2C0001235 | D86: 106 | E86: DONE
A87: BIG SIZE | B87: 234796 | C87: 234796.CIN-000001467074 | D87: 80 | E87: DONE
A88: BIG SIZE | B88: 225336 | C88: 225336.IRJ127B2C0000270 | D88: 127 | E88: =VLOOKUP(C88,'14-18 JULY'!C:C,1,0) -> #N/A
A89: BIG SIZE | B89: 225336 | C89: 225336.IRJ126B2C0003378 | D89: 44 | E89: =VLOOKUP(C89,'14-18 JULY'!C:C,1,0) -> #N/A
A90: BIG SIZE | B90: 225336 | C90: 225336.IRJ126B2C0001387 | D90: 35 | E90: DONE
A91: BIG SIZE | B91: 201272 | C91: 201272.FKS26098A | D91: 145 | E91: =VLOOKUP(C91,'14-18 JULY'!C:C,1,0) -> #N/A
A92: BIG SIZE | B92: 201272 | C92: 201272.SLK260409E | D92: 38 | E92: =VLOOKUP(C92,'14-18 JULY'!C:C,1,0) -> #N/A
A93: BIG SIZE | B93: 201272 | C93: 201272.FKS26132A | D93: 24 | E93: =VLOOKUP(C93,'14-18 JULY'!C:C,1,0) -> #N/A
A94: BIG SIZE | B94: 201272 | C94: 201272.FKS26132F | D94: 18 | E94: =VLOOKUP(C94,'14-18 JULY'!C:C,1,0) -> #N/A
A95: BIG SIZE | B95: 219952 | C95: 219952.SLK260408 | D95: 43 | E95: =VLOOKUP(C95,'14-18 JULY'!C:C,1,0) -> #N/A
A96: BIG SIZE | B96: 219952 | C96: 219952.SLK260408A | D96: 34 | E96: =VLOOKUP(C96,'14-18 JULY'!C:C,1,0) -> #N/A
A97: BIG SIZE | B97: 219952 | C97: 219952.SLK260408B | D97: 19 | E97: =VLOOKUP(C97,'14-18 JULY'!C:C,1,0) -> #N/A
A98: BIG SIZE | B98: 146653 | C98: 146653.F2604A | D98: 156 | E98: DONE
A99: BIG SIZE | B99: 146653 | C99: 146653.F2604B | D99: 103 | E99: =VLOOKUP(C99,'14-18 JULY'!C:C,1,0) -> #N/A
A100: BIG SIZE | B100: 146653 | C100: 146653.F2610C | D100: 32 | E100: =VLOOKUP(C100,'14-18 JULY'!C:C,1,0) -> #N/A
A101: BIG SIZE | B101: 146653 | C101: 146653.F2606 | D101: 17 | E101: =VLOOKUP(C101,'14-18 JULY'!C:C,1,0) -> #N/A
A102: BIG SIZE | B102: 235326 | C102: 235326.26WLS-084H | D102: 80 | E102: =VLOOKUP(C102,'14-18 JULY'!C:C,1,0) -> #N/A
A103: BIG SIZE | B103: 235326 | C103: 235326.26WLS-069E | D103: 44 | E103: =VLOOKUP(C103,'14-18 JULY'!C:C,1,0) -> #N/A
A104: BIG SIZE | B104: 149022 | C104: 149022.SLK260507 | D104: 178 | E104: DONE
A105: BIG SIZE | B105: 149022 | C105: 149022.SLK260505 | D105: 68 | E105: =VLOOKUP(C105,'14-18 JULY'!C:C,1,0) -> #N/A
A106: BIG SIZE | B106: 146619 | C106: 146619.26WLS-170B | D106: 101 | E106: DONE
A107: BIG SIZE | B107: 146619 | C107: 146619.26WLS-261N | D107: 11 | E107: =VLOOKUP(C107,'14-18 JULY'!C:C,1,0) -> #N/A
A108: BIG SIZE | B108: 236913 | C108: 236913.CIN-000000706524 | D108: 110 | E108: DONE
A109: BIG SIZE | B109: 218966 | C109: 218966.IRJ127B2C000807 | D109: 36 | E109: DONE
A110: BIG SIZE | B110: 241183 | C110: 241183.IN26038A | D110: 75 | E110: =VLOOKUP(C110,'14-18 JULY'!C:C,1,0) -> #N/A
A111: BIG SIZE | B111: 241183 | C111: 241183.IN26041D | D111: 7 | E111: =VLOOKUP(C111,'14-18 JULY'!C:C,1,0) -> #N/A
A112: BIG SIZE | B112: 234797 | C112: 234797.IRJ127B2C0000394 | D112: 36 | E112: =VLOOKUP(C112,'14-18 JULY'!C:C,1,0) -> #N/A
A113: BIG SIZE | B113: 234797 | C113: 234797.IRJ127B2C0000958 | D113: 29 | E113: =VLOOKUP(C113,'14-18 JULY'!C:C,1,0) -> #N/A
A114: BIG SIZE | B114: 241210 | C114: 241210.IN26036D | D114: 187 | E114: =VLOOKUP(C114,'14-18 JULY'!C:C,1,0) -> #N/A
A115: BIG SIZE | B115: 241210 | C115: 241210.IN26038C | D115: 105 | E115: DONE
A116: BIG SIZE | B116: 241189 | C116: 241189.IN26027H | D116: 18 | E116: =VLOOKUP(C116,'14-18 JULY'!C:C,1,0) -> #N/A
A117: BIG SIZE | B117: 241189 | C117: 241189.IN26014E | D117: 13 | E117: =VLOOKUP(C117,'14-18 JULY'!C:C,1,0) -> #N/A
A118: BIG SIZE | B118: 217207 | C118: 217207.IHR127B2C0001174 | D118: 24 | E118: =VLOOKUP(C118,'14-18 JULY'!C:C,1,0) -> #N/A
A119: BIG SIZE | B119: 217873 | C119: 217873.263053-E | D119: 41 | E119: =VLOOKUP(C119,'14-18 JULY'!C:C,1,0) -> #N/A
A120: BIG SIZE | B120: 217873 | C120: 217873.263052-G | D120: 39 | E120: =VLOOKUP(C120,'14-18 JULY'!C:C,1,0) -> #N/A
A121: BIG SIZE | B121: 217873 | C121: 217873.263058-G | D121: 38 | E121: =VLOOKUP(C121,'14-18 JULY'!C:C,1,0) -> #N/A
A122: BIG SIZE | B122: 207671 | C122: 207671.IHR127B2C0002260 | D122: 120 | E122: =VLOOKUP(C122,'14-18 JULY'!C:C,1,0) -> #N/A
A123: BIG SIZE | B123: 207671 | C123: 207671.IHR127B2C0002511 | D123: 115 | E123: DONE
A124: BIG SIZE | B124: 207671 | C124: 207671.IN26041E | D124: 66 | E124: =VLOOKUP(C124,'14-18 JULY'!C:C,1,0) -> #N/A
A125: BIG SIZE | B125: 207671 | C125: 207671.IHR127B2C0002233 | D125: 54 | E125: =VLOOKUP(C125,'14-18 JULY'!C:C,1,0) -> #N/A
A126: BIG SIZE | B126: 207671 | C126: 207671.IHR127B2C0002647 | D126: 44 | E126: =VLOOKUP(C126,'14-18 JULY'!C:C,1,0) -> #N/A
A127: BIG SIZE | B127: 204402 | C127: 204402.LM2620E | D127: 73 | E127: =VLOOKUP(C127,'14-18 JULY'!C:C,1,0) -> #N/A
A128: BIG SIZE | B128: 204402 | C128: 204402.LM2620 | D128: 26 | E128: =VLOOKUP(C128,'14-18 JULY'!C:C,1,0) -> #N/A
A129: BIG SIZE | B129: 204402 | C129: 204402.LM2622C | D129: 5 | E129: =VLOOKUP(C129,'14-18 JULY'!C:C,1,0) -> #N/A
A130: BIG SIZE | B130: 241187 | C130: 241187.IN26040E | D130: 55 | E130: =VLOOKUP(C130,'14-18 JULY'!C:C,1,0) -> #N/A
...

Sheet JUNE ANALYSIS SUMMARY
A3: COLOUR CODE LEGEND
A4: 🔴 RED | B4: MEI Fail% HIGHER than May reference – Critical attention needed
A5: 🟡 YELLOW | B5: MEI Fail% SLIGHTLY INCREASED compared to May – Monitor closely
A6: 🩷 PINK | B6: MEI Fail% DECREASED (Good improvement) vs May reference
A7: 🟢 GREEN | B7: NEW PID/Invoice – Not present in May reference data
A11: Total PIDs Analysed | C11: RED – Higher MEI Fail% | E11: YELLOW – Slight Increase | G11: PINK – Good Decrease | I11: GREEN – New PID/Invoice
A12: 97 | C12: 12 | E12: 9 | G12: 22 | I12: 54
A14: CLASSIFICATION BREAKDOWN BY SHEET
A15: Sheet Period | B15: RED | C15: YELLOW | D15: PINK | E15: GREEN | F15: Total
A16: 1-10 jUNE | B16: 7 | C16: 5 | D16: 8 | E16: 25 | F16: 45
A17: 17-20 JUNE | B17: 2 | C17: 3 | D17: 9 | E17: 15 | F17: 29
A18: 20-24 JUNE | B18: 3 | C18: 1 | D18: 5 | E18: 14 | F18: 23
A19: TOTAL | B19: 12 | C19: 9 | D19: 22 | E19: 54 | F19: 97
A21: 🔴 RED: HIGH RISK – MEI Fail% INCREASED vs May Reference
A22: PID.INVOICE | B22: Sheet Period | C22: Issue | D22: Issue % | E22: Jun MEI Fail% | F22: May MEI Fail% | G22: Δ Change | H22: MEI Fail (DOT) | I22: QC Done | J22: Frame PID | K22: Invoice
A23: 234798.CIN-000001389050 | B23: 17-20 June | E23: 0.8 | F23: 0.248 | G23: =+55.2% -> 0.552 | H23: 4 | I23: 5 | J23: 234798 | K23: CIN-000001389050
A24: 236095.IHR127B2C0000567 | B24: 1-10 June | C24: SMALL | D24: 0.113 | E24: 0.636 | F24: 0.182 | G24: =+45.4% -> 0.454 | H24: 7 | I24: 11 | J24: 236095 | K24: IHR127B2C0000567
A25: 236095.IHR127B2C0000387 | B25: 20-24 June | E25: 0.556 | F25: 0.182 | G25: =+37.4% -> 0.374 | H25: 5 | I25: 9 | J25: 236095 | K25: IHR127B2C0000387
A26: 134949.IN026042005C | B26: 20-24 June | C26: SMALL | D26: 24 | E26: 0.5 | F26: 0.441 | G26: =+5.9% -> 0.059 | H26: 9 | I26: 18 | J26: 134949 | K26: IN026042005C
A27: 236095.IHR126B2C0001613 | B27: 1-10 June | C27: SMALL | D27: 0.313 | E27: 0.344 | F27: 0.182 | G27: =+16.2% -> 0.162 | H27: 11 | I27: 32 | J27: 236095 | K27: IHR126B2C0001613
A28: 234792.CIN-000001885518 | B28: 1-10 June | C28: SMALL | D28: 0.258 | E28: 0.289 | F28: 0.214 | G28: =+7.5% -> 0.075 | H28: 24 | I28: 83 | J28: 234792 | K28: CIN-000001885518
A29: 236095.IHR127B2C0000582 | B29: 1-10 June | C29: BIG | D29: 0.178 | E29: 0.232 | F29: 0.182 | G29: =+5% -> 0.05 | H29: 44 | I29: 190 | J29: 236095 | K29: IHR127B2C0000582
A30: 134951.IN026051603H | B30: 1-10 June | C30: SMALL | D30: 0.048 | E30: 0.222 | F30: 0.154 | G30: =+6.8% -> 0.068 | H30: 32 | I30: 144 | J30: 134951 | K30: IN026051603H
A31: 239839.CIN-000001839710 | B31: 1-10 June | C31: BIG | D31: 0.098 | E31: 0.196 | F31: 0.105 | G31: =+9.1% -> 0.091 | H31: 10 | I31: 51 | J31: 239839 | K31: CIN-000001839710
A32: 217873.263053-E | B32: 17-20 June | C32: BIG | D32: 0.064 | E32: 0.196 | F32: 0.063 | G32: =+13.3% -> 0.133 | H32: 10 | I32: 51 | J32: 217873 | K32: 263053-E
A33: 221282.LSK20260516-A4 | B33: 1-10 June | C33: BIG | D33: 0.136 | E33: 0.184 | F33: 0.12 | G33: =+6.4% -> 0.064 | H33: 41 | I33: 223 | J33: 221282 | K33: LSK20260516-A4
A34: 217873.263053-E | B34: 20-24 June | E34: 0.154 | F34: 0.063 | G34: =+9.1% -> 0.091 | H34: 6 | I34: 39 | J34: 217873 | K34: 263053-E
A37: 🩷 PINK: IMPROVED – MEI Fail% DECREASED vs May Reference
A38: PID.INVOICE | B38: Sheet Period | C38: Issue | D38: Issue % | E38: Jun MEI Fail% | F38: May MEI Fail% | G38: Δ Change | H38: MEI Fail (DOT) | I38: QC Done | J38: Frame PID | K38: Invoice
A39: 219829.LSK20260528-A1 | B39: 20-24 June | E39: 0.051 | F39: 0.152 | G39: -0.101 | H39: 5 | I39: 98 | J39: 219829 | K39: LSK20260528-A1
A40: 215983.CL2026012C | B40: 17-20 June | C40: BIG | D40: 0.027 | E40: 0.055 | F40: 0.092 | G40: -0.037 | H40: 6 | I40: 110 | J40: 215983 | K40: CL2026012C
A41: 137971.FKS26124C | B41: 20-24 June | C41: BIG | D41: 2.5 | E41: 0.056 | F41: 0.07 | G41: -0.014 | H41: 6 | I41: 108 | J41: 137971 | K41: FKS26124C
A42: 137971.FKS26098 | B42: 1-10 June | C42: BIG | D42: 0.03 | E42: 0.057 | F42: 0.07 | G42: -0.013 | H42: 7 | I42: 123 | J42: 137971 | K42: FKS26098
A43: 211307.FS2604B | B43: 1-10 June | C43: BIG | D43: 0.024 | E43: 0.065 | F43: 0.154 | G43: -0.089 | H43: 8 | I43: 123 | J43: 211307 | K43: FS2604B
A44: 223230.263046-B | B44: 1-10 June | C44: BIG | D44: 0.031 | E44: 0.066 | F44: 0.063 | G44: =+0.3% -> 0.003 | H44: 12 | I44: 183 | J44: 223230 | K44: 263046-B
A45: 211307.FS2609 | B45: 20-24 June | C45: SMALL | D45: 7.2 | E45: 0.069 | F45: 0.154 | G45: -0.085 | H45: 14 | I45: 202 | J45: 211307 | K45: FS2609
A46: 148157.26WLS-209O | B46: 17-20 June | C46: BIG | D46: 0.061 | E46: 0.07 | F46: 0.066 | G46: =+0.4% -> 0.004 | H46: 5 | I46: 71 | J46: 148157 | K46: 26WLS-209O
A47: 148157.26WLS-209O | B47: 20-24 June | C47: BIG | D47: 3.6 | E47: 0.073 | F47: 0.066 | G47: =+0.7% -> 0.007 | H47: 6 | I47: 82 | J47: 148157 | K47: 26WLS-209O
A48: 211307.FS2604 | B48: 1-10 June | C48: BIG | D48: 0.077 | E48: 0.094 | F48: 0.095 | G48: -0.001 | H48: 11 | I48: 117 | J48: 211307 | K48: FS2604
A49: 211307.FS2609 | B49: 17-20 June | C49: SMALL | D49: 0.095 | E49: 0.095 | F49: 0.154 | G49: -0.059 | H49: 13 | I49: 137 | J49: 211307 | K49: FS2609
A50: 234800.IRJ127B2C0000175 | B50: 1-10 June | C50: BIG | D50: 0.079 | E50: 0.1 | F50: 0.136 | G50: -0.036 | H50: 10 | I50: 100 | J50: 234800 | K50: IRJ127B2C0000175
A51: 235307.LSK20260325-A1 | B51: 17-20 June | E51: 0.108 | F51: 0.125 | G51: -0.017 | H51: 4 | I51: 37 | J51: 235307 | K51: LSK20260325-A1
A52: 134951.IN026051603F | B52: 1-10 June | C52: SMALL,BIG | D52: 2.2,2.2% | E52: 0.156 | F52: 0.154 | G52: =+0.2% -> 0.002 | H52: 7 | I52: 45 | J52: 134951 | K52: IN026051603F
A53: 134951.IN026050803C | B53: 17-20 June | C53: CHIP | D53: 0.1818 | E53: 0.16 | F53: 0.154 | G53: =+0.6% -> 0.006 | H53: 4 | I53: 25 | J53: 134951 | K53: IN026050803C
A54: 134949.IN026050803D | B54: 1-10 June | C54: BIG | D54: 0.059 | E54: 0.173 | F54: 0.441 | G54: -0.268 | H54: 24 | I54: 139 | J54: 134949 | K54: IN026050803D
A55: 134949.IN026052504B | B55: 20-24 June | C55: BIG | D55: 8.5 | E55: 0.211 | F55: 0.441 | G55: -0.23 | H55: 8 | I55: 38 | J55: 134949 | K55: IN026052504B
A56: 134949.IN026052503F | B56: 17-20 June | C56: BIG | E56: 0.25 | F56: 0.441 | G56: -0.191 | H56: 4 | I56: 16 | J56: 134949 | K56: IN026052503F
A57: 134949.IN026051603B | B57: 1-10 June | C57: BIG,SMALL | D57: 5.6,6.2% | E57: 0.268 | F57: 0.441 | G57: -0.173 | H57: 41 | I57: 153 | J57: 134949 | K57: IN026051603B
A58: 134949.IN026050803D | B58: 17-20 June | C58: BIG | D58: 0.069 | E58: 0.3 | F58: 0.441 | G58: -0.141 | H58: 6 | I58: 20 | J58: 134949 | K58: IN026050803D
A59: 134949.IN026051603A | B59: 17-20 June | C59: SMALL | D59: 0.103 | E59: 0.35 | F59: 0.441 | G59: -0.091 | H59: 7 | I59: 20 | J59: 134949 | K59: IN026051603A
A60: 134949.IN026042005C | B60: 17-20 June | C60: SMALL | D60: 0.121 | E60: 0.423 | F60: 0.441 | G60: -0.018 | H60: 11 | I60: 26 | J60: 134949 | K60: IN026042005C
A62: YELLOW : SLIGHT INCREASE – MEI Fail% INCREASED vs May Reference
A63: PID.INVOICE | B63: Sheet Period | C63: Issue | D63: Issue % | E63: Jun MEI Fail% | F63: May MEI Fail% | G63: Δ Change | H63: MEI Fail (DOT) | I63: QC Done | J63: Frame PID | K63: Invoice
A64: 236095.IHR127B2C0000567 | B64: 1-10 June | C64: SMALL | D64: 0.113 | E64: 0.21 | F64: 0.182 | G64: =+2.8% -> 0.028 | H64: 26 | I64: 124 | J64: 236095 | K64: IHR127B2C0000567
A65: 134951.IN026051603H | B65: 17-20 June | C65: BIG | D65: 0.058 | E65: 0.2 | F65: 0.154 | G65: =+4.6% -> 0.046 | H65: 7 | I65: 35 | J65: 134951 | K65: IN026051603H
A66: 239839.CIN-000001093608 | B66: 1-10 June | C66: BIG | D66: 0.057 | E66: 0.127 | F66: 0.105 | G66: =+2.2% -> 0.022 | H66: 9 | I66: 71 | J66: 239839 | K66: CIN-000001093608
A67: 239839.CIN-000001093608 | B67: 17-20 June | E67: 0.125 | F67: 0.105 | G67: =+2% -> 0.02 | H67: 4 | I67: 32 | J67: 239839 | K67: CIN-000001093608
A68: 148157.26WLS-227E | B68: 1-10 June | C68: BIG | D68: 0.095 | E68: 0.113 | F68: 0.066 | G68: =+4.7% -> 0.047 | H68: 37 | I68: 328 | J68: 148157 | K68: 26WLS-227E
A69: 223230.263082-D | B69: 17-20 June | C69: BIG | D69: 0.037 | E69: 0.108 | F69: 0.063 | G69: =+4.5% -> 0.045 | H69: 7 | I69: 65 | J69: 223230 | K69: 263082-D
A70: 223232.263058-E | B70: 1-10 June | C70: BIG | D70: 0.071 | E70: 0.105 | F70: 0.07 | G70: =+3.5% -> 0.035 | H70: 13 | I70: 124 | J70: 223232 | K70: 263058-E
A71: 223230.263082-D | B71: 20-24 June | E71: 0.097 | F71: 0.063 | G71: =+3.4% -> 0.034 | H71: 6 | I71: 62 | J71: 223230 | K71: 263082-D
A72: 211293.FKS26140C | B72: 1-10 June | C72: BIG | D72: 0.056 | E72: 0.071 | F72: 0.059 | G72: =+1.2% -> 0.012 | H72: 10 | I72: 140 | J72: 211293 | K72: FKS26140C
A75: 🟢 GREEN: NEW PIDs/Invoices – Not in May Reference
A76: PID.INVOICE | B76: Sheet Period | C76: Issue | D76: Issue % | E76: Jun MEI Fail% | F76: May MEI Fail% | G76: Δ Change | H76: MEI Fail (DOT) | I76: QC Done | J76: Frame PID | K76: Invoice
A77: 227571.26Y079 | B77: 17-20 June | C77: SMALL | D77: 0.813 | E77: 0.929 | F77: N/A (New) | G77: New Entry | H77: 13 | I77: 14 | J77: 227571 | K77: 26Y079
A78: 227571.26Y079 | B78: 20-24 June | C78: SMALL | D78: 71.1 | E78: 0.792 | F78: N/A (New) | G78: New Entry | H78: 19 | I78: 24 | J78: 227571 | K78: 26Y079
A79: 217204.IHR127B2C0000609 | B79: 17-20 June | C79: SMALL | D79: 0.714 | E79: 0.778 | F79: N/A (New) | G79: New Entry | H79: 7 | I79: 9 | J79: 217204 | K79: IHR127B2C0000609
A80: 237932.IRJ127B2C0000347 | B80: 20-24 June | E80: 0.714 | F80: N/A (New) | G80: New Entry | H80: 5 | I80: 7 | J80: 237932 | K80: IRJ127B2C0000347
A81: 225336.IRJ127B2C0000223 | B81: 20-24 June | C81: SMALL | D81: 52.6 | E81: 0.692 | F81: N/A (New) | G81: New Entry | H81: 9 | I81: 13 | J81: 225336 | K81: IRJ127B2C0000223
A82: 237933.IRJ127B2C0000322 | B82: 17-20 June | C82: BIG | D82: 0.042 | E82: 0.6 | F82: N/A (New) | G82: New Entry | H82: 6 | I82: 10 | J82: 237933 | K82: IRJ127B2C0000322
A83: 218967.IRJ127B2C0000315 | B83: 1-10 June | C83: BIG | D83: 0.33 | E83: 0.544 | F83: N/A (New) | G83: New Entry | H83: 99 | I83: 182 | J83: 218967 | K83: IRJ127B2C0000315
A84: 225336.IRJ127B2C0000539 | B84: 17-20 June | C84: SMALL | D84: 0.489 | E84: 0.514 | F84: N/A (New) | G84: New Entry | H84: 19 | I84: 37 | J84: 225336 | K84: IRJ127B2C0000539
A85: 237933.IRJ127B2C0000322 | B85: 20-24 June | C85: SMALL | D85: 20.1 | E85: 0.467 | F85: N/A (New) | G85: New Entry | H85: 7 | I85: 15 | J85: 237933 | K85: IRJ127B2C0000322
A86: 241108.IRJ127B2C0000521 | B86: 1-10 June | C86: SMALL | D86: 0.323 | E86: 0.419 | F86: N/A (New) | G86: New Entry | H86: 13 | I86: 31 | J86: 241108 | K86: IRJ127B2C0000521
A87: 225336.IRJ127B2C0000539 | B87: 1-10 June | C87: SMALL | D87: 0.277 | E87: 0.372 | F87: N/A (New) | G87: New Entry | H87: 16 | I87: 43 | J87: 225336 | K87: IRJ127B2C0000539
A88: 241091.IRJ127B2C0000832 | B88: 17-20 June | C88: BIG | D88: 0.156 | E88: 0.353 | F88: N/A (New) | G88: New Entry | H88: 6 | I88: 17 | J88: 241091 | K88: IRJ127B2C0000832
A89: 225336.IRJ127B2C0000212 | B89: 1-10 June | C89: SMALL | D89: 0.306 | E89: 0.333 | F89: N/A (New) | G89: New Entry | H89: 15 | I89: 45 | J89: 225336 | K89: IRJ127B2C0000212
A90: 225336.IRJ127B2C0000270 | B90: 1-10 June | C90: SMALL | D90: 0.306 | E90: 0.3 | F90: N/A (New) | G90: New Entry | H90: 9 | I90: 30 | J90: 225336 | K90: IRJ127B2C0000270
A91: 245975.IN026053002A | B91: 20-24 June | E91: 0.231 | F91: N/A (New) | G91: New Entry | H91: 6 | I91: 26 | J91: 245975 | K91: IN026053002A
A92: 151377.IRJ127B2C0000581 | B92: 1-10 June | C92: BIG | D92: 0.148 | E92: 0.224 | F92: N/A (New) | G92: New Entry | H92: 19 | I92: 85 | J92: 151377 | K92: IRJ127B2C0000581
A93: 241091.IRJ127B2C0000832 | B93: 20-24 June | C93: BIG | D93: 12.7 | E93: 0.217 | F93: N/A (New) | G93: New Entry | H93: 10 | I93: 46 | J93: 241091 | K93: IRJ127B2C0000832
A94: 241124.IRJ127B2C0000548 | B94: 1-10 June | C94: SMALL | D94: 0.122 | E94: 0.195 | F94: N/A (New) | G94: New Entry | H94: 8 | I94: 41 | J94: 241124 | K94: IRJ127B2C0000548
A95: 143018.26L165A | B95: 17-20 June | C95: SMALL | D95: 0.019 | E95: 0.189 | F95: N/A (New) | G95: New Entry | H95: 7 | I95: 37 | J95: 143018 | K95: 26L165A
A96: 148906.26WLS-210J | B96: 17-20 June | C96: BIG | D96: 0.121 | E96: 0.174 | F96: N/A (New) | G96: New Entry | H96: 4 | I96: 23 | J96: 148906 | K96: 26WLS-210J
A97: 236743.CIN-000001758007 | B97: 1-10 June | C97: BIG | D97: 0.085 | E97: 0.156 | F97: N/A (New) | G97: New Entry | H97: 7 | I97: 45 | J97: 236743 | K97: CIN-000001758007
A98: 228743.26YC056 | B98: 1-10 June | C98: BIG | D98: 0.11 | E98: 0.154 | F98: N/A (New) | G98: New Entry | H98: 42 | I98: 273 | J98: 228743 | K98: 26YC056
A99: 241854.IN26035E | B99: 20-24 June | C99: SMALL | D99: 16 | E99: 0.146 | F99: N/A (New) | G99: New Entry | H99: 7 | I99: 48 | J99: 241854 | K99: IN26035E
A100: 238648.GLS-20260511-1 | B100: 1-10 June | C100: SMALL | D100: 0.13 | E100: 0.145 | F100: N/A (New) | G100: New Entry | H100: 8 | I100: 55 | J100: 238648 | K100: GLS-20260511-1
A101: 241959.FKS26117A | B101: 1-10 June | C101: BIG | D101: 0.082 | E101: 0.144 | F101: N/A (New) | G101: New Entry | H101: 16 | I101: 111 | J101: 241959 | K101: FKS26117A
A102: 145512.FKS26132O | B102: 20-24 June | E102: 0.139 | F102: N/A (New) | G102: New Entry | H102: 5 | I102: 36 | J102: 145512 | K102: FKS26132O
A103: 222900.IN026051603 | B103: 1-10 June | C103: BIG | D103: 0.041 | E103: 0.136 | F103: N/A (New) | G103: New Entry | H103: 9 | I103: 66 | J103: 222900 | K103: IN026051603
A104: 217207.IHR127B2C0000708 | B104: 17-20 June | C104: SMALL | D104: 0.099 | E104: 0.134 | F104: N/A (New) | G104: New Entry | H104: 11 | I104: 82 | J104: 217207 | K104: IHR127B2C0000708
A105: 224849.263068-D | B105: 20-24 June | C105: BIG | D105: 7.1 | E105: 0.122 | F105: N/A (New) | G105: New Entry | H105: 9 | I105: 74 | J105: 224849 | K105: 263068-D
A106: 238833.IHR127B2C0001746 | B106: 20-24 June | E106: 0.122 | F106: N/A (New) | G106: New Entry | H106: 5 | I106: 41 | J106: 238833 | K106: IHR127B2C0001746
A107: 238583.GLS-20260507-1 | B107: 17-20 June | E107: 0.118 | F107: N/A (New) | G107: New Entry | H107: 5 | I107: 34 | J107: 238583 | K107: GLS-20260507-1
A108: 241120.IRJ127B2C0000631 | B108: 17-20 June | C108: BIG | D108: 0.06 | E108: 0.114 | F108: N/A (New) | G108: New Entry | H108: 5 | I108: 44 | J108: 241120 | K108: IRJ127B2C0000631
A109: 234794.IRJ127B2C0000336 | B109: 1-10 June | C109: BIG | D109: 0.038 | E109: 0.103 | F109: N/A (New) | G109: New Entry | H109: 8 | I109: 78 | J109: 234794 | K109: IRJ127B2C0000336
A110: 241463.WMW26YFS0110 | B110: 17-20 June | C110: SMALL | D110: 0.086 | E110: 0.099 | F110: N/A (New) | G110: New Entry | H110: 10 | I110: 101 | J110: 241463 | K110: WMW26YFS0110
A111: 241120.IRJ127B2C0000631 | B111: 20-24 June | E111: 0.093 | F111: N/A (New) | G111: New Entry | H111: 5 | I111: 54 | J111: 241120 | K111: IRJ127B2C0000631
A112: 228743.26YC055A | B112: 17-20 June | C112: BIG | D112: 0.059 | E112: 0.089 | F112: N/A (New) | G112: New Entry | H112: 33 | I112: 370 | J112: 228743 | K112: 26YC055A
...

Sheet 20-25 May
A1: FRAME PID | B1: INVOICE | C1: PID.INVOICE | D1: QC Done (DOT) | E1: MEI Fail (DOT) | F1: MEI Fail % (DOT) | G1: ISSUE | H1: PERCENTAGE | I1: A | J1: B | K1: CIRC R | L1: CIRC L | M1: AFTER | N1: A1 | O1: B1 | P1: CIRC R1 | Q1: CIRC L1 | R1: DONE BY | S1: Frame Type
A2: 134949 | B2: IN026042005C | C2: 134949.IN026042005C | D2: 34 | E2: 15 | F2: 0.441 | G2: BIG | H2: 9.6 | R2: Aditi | S2: Full Rim
A3: 134951 | B3: IN026042503B | C3: 134951.IN026042503B | D3: 65 | E3: 10 | F3: 0.154 | G3: BIG | H3: 3.7 | R3: Aditi | S3: Full Rim
A4: 219834 | B4: LSK20260310-A5 | C4: 219834.LSK20260310-A5 | D4: 45 | E4: 9 | F4: 0.2 | G4: BIG | H4: 6 | I4: 53.76 | J4: 39.85 | K4: 159.2 | L4: 159.21 | N4: 53.7 | O4: 39.8 | P4: 159.2 | Q4: 159.21 | R4: Aditi | S4: Full Rim
A5: 240555 | B5: LSK20260427-A8 | C5: 240555.LSK20260427-A8 | D5: 33 | E5: 9 | F5: 0.273 | G5: BIG | H5: 25.9 | I5: 49.62 | J5: 40.99 | K5: 147.67 | L5: 147.81 | N5: 49.42 | O5: 40.95 | P5: 147.67 | Q5: 147.81 | R5: Aditi | S5: Full Rim
A6: 207991 | B6: CIN-000001690737 | C6: 207991.CIN-000001690737 | D6: 68 | E6: 7 | F6: 0.103 | G6: SMALL | H6: 5.6 | I6: 52.44 | J6: 38.19 | K6: 154.66 | L6: 154.44 | N6: 52.5 | O6: 38.25 | P6: 154.66 | Q6: 154.44 | R6: Aditi | S6: Full Rim
A7: 207991 | B7: CIN-000001732589 | C7: 207991.CIN-000001732589 | D7: 62 | E7: 7 | F7: 0.113 | G7: BIG | H7: 8.5 | I7: 53.38 | J7: 39.23 | K7: 158.07 | L7: 157.86 | N7: 53.44 | O7: 39.29 | P7: 158.07 | Q7: 157.86 | R7: Aditi | S7: Full Rim
A8: 215983 | B8: CL2026008B | C8: 215983.CL2026008B | D8: 76 | E8: 7 | F8: 0.092 | G8: CHIP | H8: 6.82 | I8: 51.02 | J8: 39.9 | K8: 153.29 | L8: 153.23 | N8: 51.05 | O8: 39.98 | P8: 153.29 | Q8: 153.23 | R8: Aditi | S8: Full Rim
A9: 241123 | B9: IRJ127B2C0000249 | C9: 241123.IRJ127B2C0000249 | D9: 21 | E9: 7 | F9: 0.333 | G9: BIG | H9: 20 | I9: 53.44 | J9: 50.68 | K9: 165.15 | L9: 166.64 | N9: 54.22 | O9: 50.1 | P9: 165.15 | Q9: 166.64 | R9: Aditi | S9: Full Rim
A10: 201272 | B10: FKS26132A | C10: 201272.FKS26132A | D10: 58 | E10: 6 | F10: 0.103 | G10: BIG | H10: 11.5 | I10: 57.69 | J10: 46.62 | K10: 173.92 | L10: 173.73 | N10: 57.61 | O10: 46.04 | P10: 173.92 | Q10: 173.73 | R10: Aditi | S10: Full Rim
A11: 211307 | B11: FS2604B | C11: 211307.FS2604B | D11: 39 | E11: 6 | F11: 0.154 | G11: BIG | H11: 11.8 | I11: 53.45 | J11: 37.95 | K11: 147.68 | L11: 147.68 | N11: 53.4 | O11: 37.9 | P11: 147.68 | Q11: 147.68 | R11: Aditi | S11: Full Rim
A12: 219834 | B12: LSK20260310-A2 | C12: 219834.LSK20260310-A2 | D12: 64 | E12: 6 | F12: 0.094 | G12: BIG | H12: 6 | I12: 53.72 | J12: 39.51 | K12: 159.4 | L12: 159.37 | N12: 53.66 | O12: 39.46 | P12: 159.4 | Q12: 159.37 | R12: Aditi | S12: Full Rim
A13: 223230 | B13: 263046-B | C13: 223230.263046-B | D13: 95 | E13: 6 | F13: 0.063 | G13: BIG | H13: 4.1 | I13: 48.15 | J13: 42.04 | K13: 145.02 | L13: 144.82 | N13: 48.08 | O13: 41.96 | P13: 145.02 | Q13: 144.82 | R13: Aditi | S13: Full Rim
A14: 234765 | B14: CIN-000001885501 | C14: 234765.CIN-000001885501 | D14: 13 | E14: 6 | F14: 0.462 | G14: SMALL | H14: 39.1 | I14: 54.86 | J14: 38.66 | K14: 160.24 | L14: 159.8 | N14: 55.07 | O14: 38.93 | P14: 160.24 | Q14: 159.8 | R14: Aditi | S14: Full Rim
A15: 238829 | B15: IRJ127B2C0000208 | C15: 238829.IRJ127B2C0000208 | D15: 88 | E15: 6 | F15: 0.068 | G15: SCRATCH | H15: 8.33 | R15: Aditi | S15: Rimless
A16: 238846 | B16: FKS26088N | C16: 238846.FKS26088N | D16: 74 | E16: 6 | F16: 0.081 | G16: BIG | H16: 3.3 | I16: 51.47 | J16: 40.4 | K16: 152.38 | L16: 152.41 | N16: 51.42 | O16: 40.36 | P16: 152.38 | Q16: 152.41 | R16: Aditi | S16: Full Rim
A17: 134949 | B17: IN026042504D | C17: 134949.IN026042504D | D17: 7 | E17: 5 | F17: 0.714 | G17: BIG,CHIP | H17: 20,60 | I17: 56.32 | J17: 45.46 | K17: 170.05 | L17: 170.05 | N17: 56.26 | O17: 45.4 | P17: 170.05 | Q17: 170.05 | R17: Aditi | S17: Full Rim
A18: 146617 | B18: 26WLS-175D | C18: 146617.26WLS-175D | D18: 83 | E18: 5 | F18: 0.06 | G18: BIG | H18: 2.6 | I18: 52.13 | J18: 43.57 | K18: 154.73 | L18: 154.73 | N18: 52.11 | O18: 43.42 | P18: 154.73 | Q18: 154.73 | R18: Aditi | S18: Full Rim
A19: 224842 | B19: 263052-B | C19: 224842.263052-B | D19: 61 | E19: 5 | F19: 0.082 | G19: BIG | H19: 5.4 | I19: 49.81 | J19: 46.19 | K19: 154.4 | L19: 154.45 | N19: 49.75 | O19: 46.13 | P19: 154.4 | Q19: 154.45 | R19: Aditi | S19: Full Rim
A20: 234785 | B20: IRJ127B2C0000361 | C20: 234785.IRJ127B2C0000361 | D20: 46 | E20: 5 | F20: 0.109 | G20: SMALL | H20: 3.6 | I20: 52.12 | J20: 40.48 | K20: 153.22 | L20: 153.55 | N20: 52.32 | O20: 40.68 | P20: 153.22 | Q20: 153.55 | R20: Aditi | S20: Full Rim
A21: 240781 | B21: FKS26099C | C21: 240781.FKS26099C | D21: 93 | E21: 5 | F21: 0.054 | G21: BIG | H21: 4.7 | I21: 55.43 | J21: 35.48 | K21: 158.52 | L21: 158.49 | N21: 55.37 | O21: 35.4 | P21: 158.52 | Q21: 158.49 | R21: Aditi | S21: Full Rim
A22: 242246 | B22: KC078260326C | C22: 242246.KC078260326C | D22: 91 | E22: 5 | F22: 0.055 | G22: BIG | H22: 3.7 | I22: 49.81 | J22: 44.54 | K22: 150.26 | L22: 150.25 | N22: 49.67 | O22: 44.44 | P22: 150.26 | Q22: 150.25 | R22: Aditi | S22: Full Rim
A23: 217873 | B23: 263052-G | C23: 217873.263052-G | D23: 63 | E23: 4 | F23: 0.063 | G23: BIG | H23: 3.4 | I23: 52.96 | J23: 40.42 | K23: 150.94 | L23: 150.94 | N23: 52.93 | O23: 40.29 | P23: 150.94 | Q23: 150.94 | R23: Aditi | S23: Full Rim
A24: 218062 | B24: 26L101A | C24: 218062.26L101A | D24: 65 | E24: 4 | F24: 0.062 | G24: SCRATCH | H24: 2.86 | R24: Aditi | S24: Rimless
A25: 234765 | B25: CIN-000001368366 | C25: 234765.CIN-000001368366 | D25: 12 | E25: 4 | F25: 0.333 | G25: BIG | H25: 9.5 | I25: 55.59 | J25: 39.9 | K25: 162.21 | L25: 162.21 | N25: 55.55 | O25: 39.85 | P25: 162.21 | Q25: 162.21 | R25: Aditi | S25: Full Rim
A26: 236095 | B26: IHR127B2C0000315 | C26: 236095.IHR127B2C0000315 | D26: 22 | E26: 4 | F26: 0.182 | G26: BIG | H26: 11 | I26: 50.5 | J26: 42.91 | K26: 152.32 | L26: 152.47 | N26: 50.35 | O26: 42.87 | P26: 152.32 | Q26: 152.47 | R26: Aditi | S26: Full Rim
A27: 238662 | B27: GLS-20260407 | C27: 238662.GLS-20260407 | D27: 44 | E27: 4 | F27: 0.091 | G27: BIG | H27: 4.4 | I27: 51.08 | J27: 32.38 | K27: 139.31 | L27: 139.27 | N27: 51.02 | O27: 32.33 | P27: 139.31 | Q27: 139.27 | R27: Aditi | S27: Full Rim
A28: 238841 | B28: IRJ127B2C0000348 | C28: 238841.IRJ127B2C0000348 | D28: 64 | E28: 4 | F28: 0.063 | G28: CHIP | H28: 5.3 | R28: Aditi | S28: Half Rim
A29: 239839 | B29: CIN-000001093608 | C29: 239839.CIN-000001093608 | D29: 38 | E29: 4 | F29: 0.105 | G29: SMALL | H29: 4.8 | I29: 53.3 | J29: 35.59 | K29: 152.74 | L29: 152.66 | N29: 53.35 | O29: 35.69 | P29: 152.74 | Q29: 152.66 | R29: Aditi | S29: Full Rim
A30: 241064 | B30: IRJ126B2C0001744 | C30: 241064.IRJ126B2C0001744 | D30: 4 | E30: 4 | F30: 1 | G30: SMALL | H30: 100 | I30: 53.34 | J30: 46.29 | K30: 162.07 | L30: 162.41 | N30: 53.4 | O30: 46.4 | P30: 162.07 | Q30: 162.41 | R30: Aditi | S30: Full Rim
A31: 241069 | B31: IRJ127B2C0000128 | C31: 241069.IRJ127B2C0000128 | D31: 16 | E31: 4 | F31: 0.25 | G31: BIG | H31: 10.7 | I31: 58.92 | J31: 51.59 | K31: 176.95 | L31: 177 | N31: 58.52 | O31: 51.55 | P31: 176.95 | Q31: 177 | R31: Aditi | S31: Full Rim
A32: 204540 | B32: PR2026IN10003B | C32: 204540.PR2026IN10003B | D32: 27 | E32: 3 | F32: 0.111 | G32: BIG,CHIP | H32: 1.8,9.09 | I32: 55.74 | J32: 46.73 | K32: 170.57 | L32: 170.8 | N32: 55.7 | O32: 46.69 | P32: 170.57 | Q32: 170.8 | R32: Aditi | S32: Full Rim
A33: 221282 | B33: LSK20260407-A4 | C33: 221282.LSK20260407-A4 | D33: 25 | E33: 3 | F33: 0.12 | G33: BIG | H33: 4.7 | I33: 54.38 | J33: 41.85 | K33: 160.78 | L33: 160.63 | N33: 54.28 | O33: 41.7 | P33: 160.78 | Q33: 160.63 | R33: Aditi | S33: Full Rim
A34: 222442 | B34: CL2024016H | C34: 222442.CL2024016H | D34: 12 | E34: 3 | F34: 0.25 | G34: SMALL | H34: 26.3 | I34: 54.64 | J34: 33.43 | K34: 147.75 | L34: 147.75 | N34: 54.7 | O34: 33.49 | P34: 147.75 | Q34: 147.75 | R34: Aditi | S34: Full Rim
A35: 223232 | B35: 263058-E | C35: 223232.263058-E | D35: 43 | E35: 3 | F35: 0.07 | G35: BIG | H35: 5.5 | I35: 50.06 | J35: 44.27 | K35: 151.79 | L35: 151.85 | N35: 50.04 | O35: 44.18 | P35: 151.79 | Q35: 151.85 | R35: Aditi | S35: Full Rim
A36: 228870 | B36: LSK20250120-S1 | C36: 228870.LSK20250120-S1 | D36: 32 | E36: 3 | F36: 0.094 | G36: BIG | H36: 11.5 | I36: 51.88 | J36: 39.78 | K36: 146.08 | L36: 145.92 | N36: 51.8 | O36: 39.7 | P36: 146.08 | Q36: 145.92 | R36: Aditi | S36: Full Rim
A37: 234800 | B37: CIN-000001885698 | C37: 234800.CIN-000001885698 | D37: 22 | E37: 3 | F37: 0.136 | G37: BIG | H37: 12.2 | I37: 48.41 | J37: 41.59 | K37: 146.04 | L37: 145.73 | N37: 48.15 | O37: 41.56 | P37: 146.04 | Q37: 145.73 | R37: Aditi | S37: Full Rim
A38: 235307 | B38: LSK20260318-A2 | C38: 235307.LSK20260318-A2 | D38: 24 | E38: 3 | F38: 0.125 | G38: CHIP | H38: 12.2 | R38: Aditi | S38: Full Rim
A39: 241054 | B39: IRJ127B2C0000096 | C39: 241054.IRJ127B2C0000096 | D39: 10 | E39: 3 | F39: 0.3 | G39: BIG | H39: 23.11 | I39: 51.6 | J39: 42.98 | K39: 153.51 | L39: 153.75 | N39: 51.46 | O39: 42.8 | P39: 153.51 | Q39: 153.75 | R39: Aditi | S39: Full Rim
A40: 241112 | B40: IRJ127B2C0000290 | C40: 241112.IRJ127B2C0000290 | D40: 24 | E40: 3 | F40: 0.125 | G40: CHIP | H40: 11.11 | R40: Aditi | S40: Full Rim
A41: 241189 | B41: IN26007F | C41: 241189.IN26007F | D41: 20 | E41: 3 | F41: 0.15 | G41: SMALL | H41: 14.3 | I41: 49.9 | J41: 39.17 | K41: 147.9 | L41: 147.9 | N41: 49.94 | O41: 39.22 | P41: 147.9 | Q41: 147.9 | R41: Aditi | S41: Full Rim

Sheet 25-27 JUNE
A1: FRAME PID | B1: INVOICE | C1: PID.INVOICE | D1: Total Items | E1: QC Done (DOT) | F1: MEI Fail (DOT) | G1: MEI Fail % (DOT) | H1: ISSUE | I1: PERCENTAGE | J1: A | K1: B | L1: CIRC R | M1: CIRC L | N1: AFTER | O1: A1 | P1: B1 | Q1: CIRC R1 | R1: CIRC L1 | S1: DONE BY | T1: REMARK | U1: First frame_type
A2: 134949 | B2: IN026051603B | C2: 134949.IN026051603B | D2: 28 | E2: 21 | F2: 7 | G2: 0.333 | J2: 55.94 | K2: 45.62 | L2: 169.42 | M2: 169.42 | N2: TRACING | O2: 56.29 | P2: 45.89 | Q2: 170.56 | R2: 170.56 | S2: AMIRUN | U2: Half Rim
A3: 241189 | B3: IN26007F | C3: 241189.IN26007F | D3: 23 | E3: 21 | F3: 7 | G3: 0.333 | H3: SMALL | J3: 49.94 | K3: 39.22 | L3: 147.9 | M3: 147.9 | N3: MANUALLY | O3: 50.3 | P3: 39.94 | Q3: 149.67 | R3: 149.7 | S3: AMIRUN | U3: Full Rim
A4: 134951 | B4: IN026051603F | C4: 134951.IN026051603F | D4: 16 | E4: 16 | F4: 6 | G4: 0.375 | U4: Full Rim
A5: 223230 | B5: 263068-E | C5: 223230.263068-E | D5: 37 | E5: 37 | F5: 6 | G5: 0.162 | H5: BIG | J5: 48.09 | K5: 42.06 | L5: 145.3 | M5: 144.95 | N5: MANUALLY | O5: 47.95 | P5: 41.81 | Q5: 144.67 | R5: 144.32 | S5: AMIRUN | U5: Full Rim
A6: 241117 | B6: IRJ127B2C0000950 | C6: 241117.IRJ127B2C0000950 | D6: 58 | E6: 56 | F6: 6 | G6: 0.107 | H6: BIG | J6: 54.63 | K6: 35.78 | L6: 153.94 | M6: 154.63 | N6: MANUALLY | O6: 54.53 | P6: 35.68 | Q6: 153.48 | R6: 154.13 | S6: AMIRUN | U6: Full Rim
A7: 148906 | B7: 26WLS-244J | C7: 148906.26WLS-244J | D7: 20 | E7: 19 | F7: 5 | G7: 0.263 | H7: BIG | J7: 49.62 | K7: 39.36 | L7: 147.47 | M7: 147.47 | N7: MANUALLY | O7: 49.2 | P7: 39.2 | Q7: 146.56 | R7: 146.89 | S7: AMIRUN | U7: Full Rim
A8: 227533 | B8: 26Y069 | C8: 227533.26Y069 | D8: 95 | E8: 93 | F8: 5 | G8: 0.054 | H8: BIG | J8: 51.32 | K8: 43.3 | L8: 154.74 | M8: 154.7 | N8: MANUALLY | O8: 51.22 | P8: 43.1 | Q8: 154.25 | R8: 154.26 | S8: AMIRUN | U8: Full Rim
A9: 239839 | B9: CIN-000001093608 | C9: 239839.CIN-000001093608 | D9: 37 | E9: 30 | F9: 5 | G9: 0.167 | H9: SMALL | J9: 53.21 | K9: 35.6 | L9: 152.44 | M9: 152.42 | N9: MANUALLY | O9: 53.51 | P9: 35.79 | Q9: 153.28 | R9: 153.26 | S9: AMIRUN | U9: Full Rim
A10: 241121 | B10: IRJ127B2C0000901 | C10: 241121.IRJ127B2C0000901 | D10: 21 | E10: 20 | F10: 5 | G10: 0.25 | H10: BIG | J10: 53.91 | K10: 50.11 | L10: 165.67 | M10: 166.21 | N10: MANUALLY | O10: 53.5 | P10: 49.95 | Q10: 164.7 | R10: 164.95 | S10: AMIRUN | U10: Full Rim
A11: 134949 | B11: IN026050803D | C11: 134949.IN026050803D | D11: 29 | E11: 23 | F11: 4 | G11: 0.174 | H11: SMALL | J11: 56.15 | K11: 45.43 | L11: 169.6 | M11: 169.6 | N11: TRACING | O11: 56.59 | P11: 45.5 | Q11: 170.54 | R11: 170.54 | S11: AMIRUN | U11: Half Rim
A12: 143018 | B12: 26L165A | C12: 143018.26L165A | D12: 33 | E12: 31 | F12: 4 | G12: 0.129 | H12: W/SHAPE | J12: 49.82 | K12: 32.39 | L12: 137.62 | M12: 137.62 | N12: MANUALLY | U12: Half Rim
A13: 146619 | B13: 26WLS-170B | C13: 146619.26WLS-170B | D13: 25 | E13: 25 | F13: 4 | G13: 0.16 | H13: SMALL | J13: 49.07 | K13: 43.77 | L13: 151.3 | M13: 151.3 | N13: MANUALLY | O13: 49.3 | P13: 43.97 | Q13: 152 | R13: 147.27 | S13: AMIRUN | U13: Full Rim
A14: 213182 | B14: LSK20260510-A10 | C14: 213182.LSK20260510-A10 | D14: 26 | E14: 25 | F14: 4 | G14: 0.16 | H14: BIG | J14: 54.98 | K14: 39.69 | L14: 160.88 | M14: 161.33 | N14: MANUALLY | O14: 54.8 | P14: 39.5 | Q14: 160.04 | R14: 159.94 | S14: AMIRUN | U14: Full Rim
A15: 220126 | B15: H2628B | C15: 220126.H2628B | D15: 42 | E15: 39 | F15: 4 | G15: 0.103 | H15: BIG | J15: 53.11 | K15: 31.89 | L15: 147.66 | M15: 147.52 | N15: MANUALLY | O15: 52.89 | P15: 31.71 | Q15: 146.56 | R15: 146.71 | S15: AMIRUN | U15: Full Rim
A16: 225336 | B16: IRJ127B2C0000539 | C16: 225336.IRJ127B2C0000539 | D16: 16 | E16: 13 | F16: 4 | G16: 0.308 | H16: SMALL | J16: 47.76 | K16: 41.5 | L16: 144.83 | M16: 144.92 | N16: MANUALLY | O16: 48.1 | P16: 41.81 | Q16: 145.87 | R16: 145.73 | S16: AMIRUN | U16: Full Rim
A17: 236135 | B17: 26L143 | C17: 236135.26L143 | D17: 41 | E17: 42 | F17: 4 | G17: 0.095 | H17: BIG | J17: 50.1 | K17: 38.81 | L17: 148.89 | M17: 148.54 | N17: MANUALLY | O17: 49.8 | P17: 38.6 | Q17: 148.05 | R17: 148.08 | S17: AMIRUN | U17: Full Rim
A18: 236146 | B18: 26L135F | C18: 236146.26L135F | D18: 22 | E18: 23 | F18: 4 | G18: 0.174 | H18: BIG | J18: 53.38 | K18: 40.27 | L18: 155.8 | M18: 155.8 | N18: MANUALLY | O18: 53.11 | P18: 40.1 | Q18: 154.87 | R18: 154.82 | S18: AMIRUN | U18: Full Rim
A19: 237931 | B19: IRJ127B2C0000580 | C19: 237931.IRJ127B2C0000580 | D19: 29 | E19: 27 | F19: 4 | G19: 0.148 | H19: SCRATCH | U19: Half Rim
A20: 238583 | B20: GLS-20260505-2 | C20: 238583.GLS-20260505-2 | D20: 56 | E20: 54 | F20: 4 | G20: 0.074 | H20: BIG | J20: 51.44 | K20: 37.02 | L20: 149.4 | M20: 149.61 | N20: MANUALLY | O20: 51.25 | P20: 36.8 | Q20: 148.58 | R20: 148.78 | S20: AMIRUN | U20: Full Rim
A21: 238584 | B21: GLS-20260531 | C21: 238584.GLS-20260531 | D21: 42 | E21: 39 | F21: 4 | G21: 0.103 | H21: BIG | J21: 51.41 | K21: 37.04 | L21: 149.55 | M21: 149.78 | N21: MANUALLY | O21: 51.2 | P21: 36.75 | Q21: 148.58 | R21: 148.66 | S21: AMIRUN | U21: Full Rim
A22: 241115 | B22: IRJ127B2C0000881 | C22: 241115.IRJ127B2C0000881 | D22: 31 | E22: 32 | F22: 4 | G22: 0.125 | H22: BIG | J22: 55.64 | K22: 34.93 | L22: 150.59 | M22: 150.16 | N22: MANUALLY | O22: 55.31 | P22: 34.8 | Q22: 149.76 | R22: 149.68 | S22: AMIRUN | U22: Full Rim
A23: 241117 | B23: IRJ127B2C0000969 | C23: 241117.IRJ127B2C0000969 | D23: 33 | E23: 34 | F23: 4 | G23: 0.118 | H23: BIG | J23: 54.63 | K23: 35.97 | L23: 153.83 | M23: 154.19 | N23: MANUALLY | O23: 54.5 | P23: 35.75 | Q23: 153.07 | R23: 153.48 | S23: AMIRUN | U23: Full Rim
A24: 241285 | B24: IN026041602A | C24: 241285.IN026041602A | D24: 29 | E24: 26 | F24: 4 | G24: 0.154 | H24: W/SHAPE | U24: Half Rim

Sheet 21-24 JUNE
B1: FRAME PID | C1: INVOICE | D1: Pid.Invoice | E1: Total Items | F1: QC Done (DOT) | G1: MEI Fail (DOT) | H1: MEI Fail % (DOT) | I1: ISSUE | J1: PERCENTAGE | K1: A | L1: B | M1: CIRC R | N1: CIRC L | O1: AFTER | P1: A1 | Q1: B1 | R1: CIRC R1 | S1: CIRC L1 | T1: DONE BY | U1: REMARK | V1: Frame Type
B2: 227571 | C2: 26Y079 | D2: 227571.26Y079 | E2: 28 | F2: 24 | G2: 19 | H2: 0.792 | I2: SMALL | J2: 71.1 | K2: 50.2 | L2: 41.8 | M2: 152.73 | N2: 151.37 | O2: MANUALLY | P2: 50.3 | Q2: 41.96 | R2: 153.16 | S2: 151.95 | T2: ANJALI | V2: Full Rim
A3: 46198.74 | B3: 211307 | C3: FS2609 | D3: 211307.FS2609 | E3: 213 | F3: 202 | G3: 14 | H3: 0.069 | I3: SMALL | J3: 7.2 | K3: 52.57 | L3: 37.68 | M3: 145.43 | N3: 145.37 | O3: MANUALLY | P3: 52.66 | Q3: 37.77 | R3: 145.72 | S3: 145.59 | T3: ANJALI | V3: Full Rim
A4: 46198.743 | B4: 241091 | C4: IRJ127B2C0000832 | D4: 241091.IRJ127B2C0000832 | E4: 54 | F4: 46 | G4: 10 | H4: 0.217 | I4: BIG | J4: 12.7 | K4: 53.6 | L4: 43.16 | M4: 159.87 | N4: 160.29 | O4: MANUALLY | P4: 53.49 | Q4: 43.05 | R4: 159.5 | S4: 159.9 | T4: ANJALI | V4: Full Rim
B5: 134949 | C5: IN026042005C | D5: 134949.IN026042005C | E5: 18 | F5: 18 | G5: 9 | H5: 0.5 | I5: SMALL | J5: 24 | V5: HALF Rim
A6: 46198.875 | B6: 224849 | C6: 263068-D | D6: 224849.263068-D | E6: 83 | F6: 74 | G6: 9 | H6: 0.122 | I6: BIG | J6: 7.1 | K6: 54 | L6: 42.2 | M6: 160.83 | N6: 160.56 | O6: MANUALLY | P6: 54.15 | Q6: 42.3 | R6: 161.23 | S6: 160.85 | T6: SIMRAN | V6: Full Rim
A7: 46198.876 | B7: 225336 | C7: IRJ127B2C0000223 | D7: 225336.IRJ127B2C0000223 | E7: 13 | F7: 13 | G7: 9 | H7: 0.692 | I7: SMALL | J7: 52.6 | K7: 47.5 | L7: 41.16 | M7: 143.78 | N7: 144.11 | O7: MANUALLY | P7: 47.6 | Q7: 41.24 | R7: 143.99 | S7: 144.44 | T7: SIMRAN | V7: Full Rim
B8: 134949 | C8: IN026052504B | D8: 134949.IN026052504B | E8: 41 | F8: 38 | G8: 8 | H8: 0.211 | I8: BIG | J8: 8.5 | V8: HALF Rim
A9: 46198.879 | B9: 228743 | C9: 26YC055A | D9: 228743.26YC055A | E9: 103 | F9: 82 | G9: 7 | H9: 0.085 | I9: BIG | J9: 3.4 | K9: 52.45 | L9: 43.6 | M9: 161.87 | N9: 161.76 | O9: MANUALLY | P9: 52.39 | Q9: 43.5 | R9: 161.62 | S9: 161.5 | T9: SIMRAN | V9: Full Rim
A10: 46198.88 | B10: 237933 | C10: IRJ127B2C0000322 | D10: 237933.IRJ127B2C0000322 | E10: 27 | F10: 15 | G10: 7 | H10: 0.467 | I10: SMALL | J10: 20.1 | K10: 52.29 | L10: 35.46 | M10: 147.88 | N10: 147.89 | O10: MANUALLY | P10: 52.41 | Q10: 35.6 | R10: 148.32 | S10: 148.35 | T10: SIMRAN | V10: Half Rim
A11: 46198.883 | B11: 241854 | C11: IN26035E | D11: 241854.IN26035E | E11: 54 | F11: 48 | G11: 7 | H11: 0.146 | I11: SMALL | J11: 16 | K11: 50.54 | L11: 39.78 | M11: 152.21 | N11: 152.21 | O11: MANUALLY | P11: 50.65 | Q11: 39.9 | R11: 152.48 | S11: 152.48 | T11: SIMRAN | V11: Full Rim
A12: 46198.886 | B12: 137971 | C12: FKS26124C | D12: 137971.FKS26124C | E12: 109 | F12: 108 | G12: 6 | H12: 0.056 | I12: BIG | J12: 2.5 | K12: 52.6 | L12: 43.72 | M12: 157.42 | N12: 157.54 | O12: MANUALLY | P12: 52.54 | Q12: 43.66 | R12: 157.23 | S12: 157.2 | T12: SIMRAN | V12: Full Rim
A13: 46198.887 | B13: 148157 | C13: 26WLS-209O | D13: 148157.26WLS-209O | E13: 88 | F13: 82 | G13: 6 | H13: 0.073 | I13: BIG | J13: 3.6 | K13: 50.5 | L13: 45.05 | M13: 152.19 | N13: 152.11 | O13: MANUALLY | P13: 50.45 | Q13: 44.99 | R13: 152.04 | S13: 151.89 | T13: SIMRAN | V13: Full Rim
A14: 46200.895 | B14: 217873 | C14: 263053-E | D14: 217873.263053-E | E14: 42 | F14: 39 | G14: 6 | H14: 0.154 | I14: BIG | J14: 7.5 | K14: 50.2 | L14: 40.4 | M14: 150.9 | N14: 151.1 | O14: MANUALLY | P14: 53.05 | Q14: 40.2 | R14: 150.87 | S14: 150.55 | T14: AMIRUN | V14: Full Rim
A15: 46200.895 | B15: 223230 | C15: 263082-D | D15: 223230.263082-D | E15: 66 | F15: 62 | G15: 6 | H15: 0.097 | I15: BIG | J15: 2.7 | K15: 48.2 | L15: 41.9 | M15: 145.1 | N15: 144.98 | O15: MANUALLY | P15: 48.1 | Q15: 41.7 | R15: 144.82 | S15: 144.89 | T15: AMIRUN | V15: Full Rim
A16: 46200.896 | B16: 245975 | C16: IN026053002A | D16: 245975.IN026053002A | E16: 27 | F16: 26 | G16: 6 | H16: 0.231 | I16: SMALL | J16: 18.8 | K16: 53.3 | L16: 46.89 | M16: 164.26 | N16: 164.72 | O16: MANUALLY | P16: 53.5 | Q16: 47.11 | R16: 164.81 | S16: 165.26 | T16: AMIRUN | V16: Full Rim
A17: 46200.897 | B17: 145512 | C17: FKS26132O | D17: 145512.FKS26132O | E17: 38 | F17: 36 | G17: 5 | H17: 0.139 | I17: BIG | J17: 3.9 | K17: 55.07 | L17: 40.84 | M17: 164.08 | N17: 163.92 | O17: MANUALLY | P17: 54.93 | Q17: 40.7 | R17: 163.22 | S17: 163.19 | T17: AMIRUN | V17: Full Rim
A18: 46200.898 | B18: 236095 | C18: IHR127B2C0000387 | D18: 236095.IHR127B2C0000387 | E18: 9 | F18: 9 | G18: 5 | H18: 0.556 | I18: SMALL | J18: 41.7 | K18: 49.82 | L18: 41.91 | M18: 149.27 | N18: 149.17 | O18: MANUALLY | P18: 50.2 | Q18: 42.11 | R18: 150.23 | S18: 150.23 | T18: AMIRUN | V18: Full Rim
A19: 46200.899 | B19: 237932 | C19: IRJ127B2C0000347 | D19: 237932.IRJ127B2C0000347 | E19: 8 | F19: 7 | G19: 5 | H19: 0.714 | I19: SMALL | J19: 50 | K19: 46.81 | L19: 42.94 | M19: 144.85 | N19: 144.85 | O19: MANUALLY | P19: 47.09 | Q19: 43.2 | R19: 145.77 | S19: 146.14 | T19: AMIRUN | V19: Full Rim
A20: 46200.9 | B20: 238833 | C20: IHR127B2C0001746 | D20: 238833.IHR127B2C0001746 | E20: 42 | F20: 41 | G20: 5 | H20: 0.122 | I20: SMALL | J20: 9.1 | K20: 49.34 | L20: 42.08 | M20: 149.64 | N20: 149.52 | O20: MANUALLY | P20: 49.63 | Q20: 42.3 | R20: 150.51 | S20: 150.27 | T20: AMIRUN | V20: Full Rim
A21: 46200.906 | B21: 241120 | C21: IRJ127B2C0000631 | D21: 241120.IRJ127B2C0000631 | E21: 58 | F21: 54 | G21: 5 | H21: 0.093 | I21: BIG | J21: 7.5 | K21: 54.1 | L21: 39.2 | M21: 163.89 | N21: 163.65 | O21: MANUALLY | P21: 55.89 | Q21: 38.95 | R21: 163.33 | S21: 163.09 | T21: AMIRUN | V21: Full Rim

Sheet 1-10 JUNE
A1: FRAME PID | B1: INVOICE | C1: PID.INVOICE | D1: Total Items | E1: QC Done (DOT) | F1: MEI Fail (DOT) | G1: MEI Fail % (DOT) | H1: ISSUE | I1: PERCENTAGE | J1: A | K1: B | L1: CIRC R | M1: CIRC L | N1: AFTER | O1: A1 | P1: B1 | Q1: CIRC R1 | R1: CIRC L1 | S1: DONE BY | T1: REMARK | U1: First frame_type
A2: 218967 | B2: IRJ127B2C0000315 | C2: 218967.IRJ127B2C0000315 | D2: 185 | E2: 182 | F2: 99 | G2: 0.544 | H2: BIG | I2: 0.33 | J2: 51.66 | K2: 38.88 | L2: 144.14 | M2: 144.16 | O2: 51.63 | P2: 38.84 | Q2: 144.04 | R2: 144.08 | S2: SIMRAN | U2: Full Rim
A3: 236095 | B3: IHR127B2C0000582 | C3: 236095.IHR127B2C0000582 | D3: 183 | E3: 190 | F3: 44 | G3: 0.232 | H3: BIG | I3: 0.178 | J3: 49.55 | K3: 42.16 | L3: 149.58 | M3: 149.63 | O3: 50.5 | P3: 43.48 | Q3: 152.95 | R3: 152.69 | S3: SIMRAN | U3: Full Rim
A4: 228743 | B4: 26YC056 | C4: 228743.26YC056 | D4: 276 | E4: 273 | F4: 42 | G4: 0.154 | H4: BIG | I4: 0.11 | J4: 52.42 | K4: 43.81 | L4: 162.05 | M4: 162.39 | O4: 52.39 | P4: 43.75 | Q4: 161.74 | R4: 161.74 | S4: SIMRAN | U4: Full Rim
A5: 134949 | B5: IN026051603B | C5: 134949.IN026051603B | D5: 156 | E5: 153 | F5: 41 | G5: 0.268 | H5: BIG,SMALL | I5: 5.6,6.2% | S5: SIMRAN | U5: Full Rim
A6: 221282 | B6: LSK20260516-A4 | C6: 221282.LSK20260516-A4 | D6: 226 | E6: 223 | F6: 41 | G6: 0.184 | H6: BIG | I6: 0.136 | J6: 54.45 | K6: 41.5 | L6: 161.35 | M6: 161.35 | O6: 54.29 | P6: 41.77 | Q6: 161.48 | R6: 161.52 | S6: SIMRAN | U6: Full Rim
A7: 148157 | B7: 26WLS-227E | C7: 148157.26WLS-227E | D7: 335 | E7: 328 | F7: 37 | G7: 0.113 | H7: BIG | I7: 0.095 | J7: 50.91 | K7: 45.47 | L7: 153.87 | M7: 152.99 | O7: 50.88 | P7: 45.4 | Q7: 153.76 | R7: 152.94 | S7: SIMRAN | U7: Full Rim
A8: 228743 | B8: 26YC055A | C8: 228743.26YC055A | D8: 397 | E8: 396 | F8: 34 | G8: 0.086 | H8: BIG | I8: 0.069 | J8: 52.49 | K8: 43.64 | L8: 161.98 | M8: 161.89 | O8: 52.45 | P8: 43.6 | Q8: 161.87 | R8: 161.76 | S8: SIMRAN | U8: Full Rim
A9: 134951 | B9: IN026051603H | C9: 134951.IN026051603H | D9: 146 | E9: 144 | F9: 32 | G9: 0.222 | H9: SMALL | I9: 0.048 | S9: SIMRAN | U9: Full Rim
A10: 219823 | B10: LSK20260516-A2 | C10: 219823.LSK20260516-A2 | D10: 427 | E10: 425 | F10: 32 | G10: 0.075 | H10: BIG | I10: 0.053 | J10: 53.53 | K10: 41.2 | L10: 158.12 | M10: 158.77 | O10: 53.49 | P10: 41.16 | Q10: 157.86 | R10: 158.53 | S10: SIMRAN | U10: Full Rim
A11: 236095 | B11: IHR127B2C0000567 | C11: 236095.IHR127B2C0000567 | D11: 127 | E11: 124 | F11: 26 | G11: 0.21 | H11: SMALL | I11: 0.113 | J11: 50.67 | K11: 42.95 | L11: 152.55 | M11: 152.55 | O11: 49.47 | P11: 42.02 | Q11: 149.19 | R11: 149.17 | S11: SIMRAN | U11: Full Rim
A12: 134949 | B12: IN026050803D | C12: 134949.IN026050803D | D12: 147 | E12: 139 | F12: 24 | G12: 0.173 | H12: BIG | I12: 0.059 | S12: SIMRAN | U12: Full Rim
A13: 234792 | B13: CIN-000001885518 | C13: 234792.CIN-000001885518 | D13: 82 | E13: 83 | F13: 24 | G13: 0.289 | H13: SMALL | I13: 0.258 | J13: 47.15 | K13: 41.79 | L13: 144.78 | M13: 144.78 | O13: 47.19 | P13: 41.85 | Q13: 144.95 | R13: 144.95 | S13: ANJALI | U13: Full Rim
A14: 151377 | B14: IRJ127B2C0000581 | C14: 151377.IRJ127B2C0000581 | D14: 87 | E14: 85 | F14: 19 | G14: 0.224 | H14: BIG | I14: 0.148 | J14: 56.02 | K14: 45.41 | L14: 164.42 | M14: 165.09 | O14: 56 | P14: 45.35 | Q14: 164.12 | R14: 164.48 | S14: ANJALI | U14: Full Rim
A15: 219823 | B15: LSK20260430-A1 | C15: 219823.LSK20260430-A1 | D15: 268 | E15: 266 | F15: 16 | G15: 0.06 | H15: BIG | I15: 0.026 | J15: 53.58 | K15: 41.41 | L15: 157.98 | M15: 158.65 | O15: 53.4 | P15: 41.3 | Q15: 157.5 | R15: 158.22 | S15: ANJALI | U15: Full Rim
A16: 225336 | B16: IRJ127B2C0000539 | C16: 225336.IRJ127B2C0000539 | D16: 43 | E16: 43 | F16: 16 | G16: 0.372 | H16: SMALL | I16: 0.277 | J16: 47.59 | K16: 41.31 | L16: 144.32 | M16: 144.48 | O16: 47.76 | P16: 41.5 | Q16: 144.83 | R16: 144.92 | S16: ANJALI | U16: Full Rim
A17: 241959 | B17: FKS26117A | C17: 241959.FKS26117A | D17: 112 | E17: 111 | F17: 16 | G17: 0.144 | H17: BIG | I17: 0.082 | J17: 57.1 | K17: 44.27 | L17: 168.08 | M17: 167.94 | O17: 57 | P17: 44.01 | Q17: 167.18 | R17: 167.18 | S17: ANJALI | U17: Full Rim
A18: 225336 | B18: IRJ127B2C0000212 | C18: 225336.IRJ127B2C0000212 | D18: 50 | E18: 45 | F18: 15 | G18: 0.333 | H18: SMALL | I18: 0.306 | J18: 47.57 | K18: 41.32 | L18: 144.12 | M18: 144.57 | O18: 47.7 | P18: 41.42 | Q18: 144.46 | R18: 144.86 | S18: ANJALI | U18: Full Rim
A19: 223232 | B19: 263058-E | C19: 223232.263058-E | D19: 124 | E19: 124 | F19: 13 | G19: 0.105 | H19: BIG | I19: 0.071 | J19: 50.04 | K19: 44.18 | L19: 151.7 | M19: 151.58 | O19: 50.04 | P19: 44.09 | Q19: 151.56 | R19: 151.44 | S19: ANJALI | U19: Full Rim
A20: 241108 | B20: IRJ127B2C0000521 | C20: 241108.IRJ127B2C0000521 | D20: 35 | E20: 31 | F20: 13 | G20: 0.419 | H20: SMALL | I20: 0.323 | J20: 55.21 | K20: 41.66 | L20: 154.82 | M20: 155.24 | O20: 55.35 | P20: 41.75 | Q20: 155.24 | R20: 155.6 | S20: ANJALI | U20: Full Rim
A21: 223230 | B21: 263046-B | C21: 223230.263046-B | D21: 187 | E21: 183 | F21: 12 | G21: 0.066 | H21: BIG | I21: 0.031 | J21: 48.09 | K21: 41.96 | L21: 145.02 | M21: 144.82 | O21: 48.09 | P21: 41.96 | Q21: 145.02 | R21: 144.82 | S21: ANJALI | U21: Full Rim
A22: 242272 | B22: FKS26112H | C22: 242272.FKS26112H | D22: 188 | E22: 179 | F22: 12 | G22: 0.067 | H22: SMALL | I22: 0.041 | J22: 51.68 | K22: 45.07 | L22: 156.98 | M22: 156.86 | O22: 51.76 | P22: 45.15 | Q22: 157.29 | R22: 157.15 | S22: ANJALI | U22: Full Rim
A23: 211307 | B23: FS2604 | C23: 211307.FS2604 | D23: 123 | E23: 117 | F23: 11 | G23: 0.094 | H23: BIG | I23: 0.077 | J23: 53.48 | K23: 38.23 | L23: 148.05 | M23: 148.05 | O23: 53.28 | P23: 38.03 | Q23: 147.41 | R23: 147.15 | S23: ANJALI | U23: Full Rim
A24: 236095 | B24: IHR126B2C0001613 | C24: 236095.IHR126B2C0001613 | D24: 31 | E24: 32 | F24: 11 | G24: 0.344 | H24: SMALL | I24: 0.313 | J24: 49.46 | K24: 42.18 | L24: 149.36 | M24: 149.5 | O24: 49.6 | P24: 42.3 | Q24: 149.78 | R24: 149.81 | S24: ANJALI | U24: Full Rim
... A38: 241124 | B38: IRJ127B2C0000548 | C38: 241124.IRJ127B2C0000548 | D38: 41 | E38: 41 | F38: 8 | G38: 0.195 | H38: SMALL | I38: 0.122 | J38: 53.57 | K38: 47.8 | L38: 161.3 | M38: 161.3 | O38: 53.66 | P38: 47.9 | Q38: 161.61 | R38: 161.68 | S38: ANJALI | U38: Full Rim
A39: 134951 | B39: IN026051603F | C39: 134951.IN026051603F | D39: 45 | E39: 45 | F39: 7 | G39: 0.156 | H39: SMALL,BIG | I39: 2.2,2.2% | S39: ANJALI | T39: ITS HALF RIM BUT SHOWES FULL RIM (GROOVE) | U39: Full Rim
A40: 137709 | B40: WMW26YFS0106 | C40: 137709.WMW26YFS0106 | D40: 96 | E40: 90 | F40: 7 | G40: 0.078 | H40: BIG | I40: 0.076 | J40: 50.86 | K40: 43.7 | L40: 153.62 | M40: 153.86 | O40: 50.79 | P40: 43.66 | Q40: 153.34 | R40: 153.52 | S40: ANJALI | U40: Full Rim
A41: 137971 | B41: FKS26098 | C41: 137971.FKS26098 | D41: 121 | E41: 123 | F41: 7 | G41: 0.057 | H41: BIG | I41: 0.03 | J41: 52.54 | K41: 43.71 | L41: 157.33 | M41: 157.21 | O41: 52.45 | P41: 43.65 | Q41: 156.86 | R41: 156.84 | S41: ANJALI | U41: Full Rim
A42: 213182 | B42: LSK20260427-A4 | C42: 213182.LSK20260427-A4 | D42: 87 | E42: 88 | F42: 7 | G42: 0.08 | H42: BIG | I42: 0.027 | J42: 54.92 | K42: 39.47 | L42: 160.65 | M42: 160.71 | O42: 54.82 | P42: 39.39 | Q42: 160.13 | R42: 160.16 | S42: ANJALI | U42: Full Rim
A43: 236095 | B43: IHR127B2C0000567 | C43: 236095.IHR127B2C0000567 | D43: 6 | E43: 11 | F43: 7 | G43: 0.636 | H43: SMALL | I43: 0.113 | S43: ANJALI | T43: F .VARIATION | U43: Full Rim
A44: 236135 | B44: 26L113B | C44: 236135.26L113B | D44: 96 | E44: 93 | F44: 7 | G44: 0.075 | H44: BIG | I44: 0.043 | J44: 49.84 | K44: 39.17 | L44: 149.35 | M44: 149.55 | O44: 49.74 | P44: 39.09 | Q44: 148.87 | R44: 148.76 | S44: ANJALI | U44: Full Rim
A45: 236743 | B45: CIN-000001758007 | C45: 236743.CIN-000001758007 | D45: 45 | E45: 45 | F45: 7 | G45: 0.156 | H45: BIG | I45: 0.085 | J45: 58.34 | K45: 44.54 | L45: 170.26 | M45: 170.77 | O45: 58.23 | P45: 44.42 | Q45: 169.9 | R45: 170.37 | S45: ANJALI | U45: Full Rim
A46: 238655 | B46: GLS-20260511-1 | C46: 238655.GLS-20260511-1 | D46: 139 | E46: 134 | F46: 7 | G46: 0.052 | H46: SMALL | I46: 0.007 | J46: 51.24 | K46: 36.66 | L46: 148.81 | M46: 149.17 | O46: 51.33 | P46: 36.76 | Q46: 148.57 | R46: 148.95 | S46: ANJALI | U46: Full Rim

Sheet 17-20 JUNE
A1: DATE | B1: FRAME PID | C1: INVOICE | D1: Pid.invoice | E1: Total Items | F1: QC Done (DOT) | G1: MEI Fail (DOT) | H1: MEI Fail % (DOT) | I1: ISSUE | J1: PERCENTAGE | K1: A | L1: B | M1: CIRC R | N1: CIRC L | O1: AFTER | P1: A1 | Q1: B1 | R1: CIRC R1 | S1: CIRC L1 | T1: DONE BY | U1: REMARK | V1: First frame_type
A2: 46195.865 | B2: 228743 | C2: 26YC055A | D2: 228743.26YC055A | E2: 409 | F2: 370 | G2: 33 | H2: 0.089 | I2: BIG | J2: 0.059 | O2: MANUAL | U2: DONE | V2: Full Rim
B3: 225336 | C3: IRJ127B2C0000539 | D3: 225336.IRJ127B2C0000539 | E3: 41 | F3: 37 | G3: 19 | H3: 0.514 | I3: SMALL | J3: 0.489 | O3: MANUAL | U3: DONE | V3: Full Rim
A4: 46195.912 | B4: 211307 | C4: FS2609 | D4: 211307.FS2609 | E4: 148 | F4: 137 | G4: 13 | H4: 0.095 | I4: SMALL | J4: 0.095 | K4: 52.36 | L4: 37.48 | M4: 144.79 | N4: 144.49 | O4: MANUAL | P4: 52.57 | Q4: 37.68 | R4: 145.43 | S4: 145.37 | T4: AMIRUN | U4: DONE | V4: Full Rim
A5: 46195.913 | B5: 227571 | C5: 26Y079 | D5: 227571.26Y079 | E5: 14 | F5: 14 | G5: 13 | H5: 0.929 | I5: SMALL | J5: 0.813 | K5: 49 | L5: 41.54 | M5: 150.36 | N5: 150.36 | O5: MANUAL | P5: 50.2 | Q5: 50.2 | R5: 152.73 | S5: 152.37 | T5: AMIRUN | U5: DONE | V5: Full Rim
A6: 46195.915 | B6: 134949 | C6: IN026042005C | D6: 134949.IN026042005C | E6: 27 | F6: 26 | G6: 11 | H6: 0.423 | I6: SMALL | J6: 0.121 | K6: 56.08 | L6: 45.05 | M6: 168.97 | N6: 168.97 | O6: MANUAL | P6: 56.3 | Q6: 45.46 | R6: 170.01 | S6: 169.76 | T6: AMIRUN | U6: DONE | V6: Half Rim
A7: 46195.918 | B7: 217207 | C7: IHR127B2C0000708 | D7: 217207.IHR127B2C0000708 | E7: 83 | F7: 82 | G7: 11 | H7: 0.134 | I7: SMALL | J7: 0.099 | K7: 48.95 | L7: 42.2 | M7: 148.97 | N7: 148.94 | O7: MANUAL | P7: 49.2 | Q7: 42.4 | R7: 149.71 | S7: 149.71 | T7: AMIRUN | U7: DONE | V7: Full Rim
A8: 46196.886 | B8: 217873 | C8: 263053-E | D8: 217873.263053-E | E8: 55 | F8: 51 | G8: 10 | H8: 0.196 | I8: BIG | J8: 0.064 | K8: 53.2 | L8: 40.39 | M8: 151.57 | N8: 151.55 | O8: MANUAL | P8: 53.05 | Q8: 40.2 | R8: 150.87 | S8: 150.55 | T8: AMIRUN | U8: DONE | V8: Full Rim
A9: 46196.887 | B9: 241463 | C9: WMW26YFS0110 | D9: 241463.WMW26YFS0110 | E9: 106 | F9: 101 | G9: 10 | H9: 0.099 | I9: SMALL | J9: 0.086 | K9: 47.73 | L9: 42.6 | M9: 146.37 | N9: 146.47 | O9: MANUAL | P9: 48.1 | Q9: 42.79 | R9: 147.21 | S9: 146.95 | T9: AMIRUN | U9: DONE | V9: Full Rim
A10: 46196.892 | B10: 134949 | C10: IN026051603A | D10: 134949.IN026051603A | E10: 22 | F10: 20 | G10: 7 | H10: 0.35 | I10: SMALL | J10: 0.103 | K10: 56.11 | L10: 45.3 | M10: 169.42 | N10: 169.42 | O10: MANUAL | P10: 56.6 | Q10: 45.69 | R10: 170.97 | S10: 170.97 | T10: AMIRUN | U10: DONE | V10: Full Rim
A11: 46196.894 | B11: 134951 | C11: IN026051603H | D11: 134951.IN026051603H | E11: 40 | F11: 35 | G11: 7 | H11: 0.2 | I11: BIG | J11: 0.058 | K11: 56.13 | L11: 45.38 | M11: 169.55 | N11: 169.55 | O11: MANUAL | P11: 55.89 | Q11: 45.19 | R11: 168.89 | S11: 168.89 | T11: AMIRUN | U11: DONE | V11: Full Rim
A12: 46196.895 | B12: 143018 | C12: 26L165A | D12: 143018.26L165A | E12: 34 | F12: 37 | G12: 7 | H12: 0.189 | I12: SMALL | J12: 0.019 | K12: 49.62 | L12: 32.16 | M12: 136.84 | N12: 136.84 | O12: MANUAL | P12: 49.82 | Q12: 32.39 | R12: 137.62 | S12: 137.91 | T12: AMIRUN | U12: DONE | V12: Half Rim
A13: 46196.897 | B13: 217204 | C13: IHR127B2C0000609 | D13: 217204.IHR127B2C0000609 | E13: 10 | F13: 9 | G13: 7 | H13: 0.778 | I13: SMALL | J13: 0.714 | K13: 48.89 | L13: 42.36 | M13: 149.05 | N13: 149.77 | O13: MANUAL | P13: 49.31 | Q13: 42.8 | R13: 150.44 | S13: 150.85 | T13: AMIRUN | U13: DONE | V13: Full Rim
A14: 46196.898 | B14: 223230 | C14: 263082-D | D14: 223230.263082-D | E14: 64 | F14: 65 | G14: 7 | H14: 0.108 | I14: BIG | J14: 0.037 | K14: 48.25 | L14: 48.25 | M14: 145.47 | N14: 145.47 | O14: MANUAL | P14: 48.1 | Q14: 41.7 | R14: 144.82 | S14: 144.89 | T14: AMIRUN | U14: DONE | V14: Full Rim
B15: 134949 | C15: IN026050803D | D15: 134949.IN026050803D | E15: 28 | F15: 20 | G15: 6 | H15: 0.3 | I15: BIG | J15: 0.069 | V15: Half Rim
A16: 46196.899 | B16: 215983 | C16: CL2026012C | D16: 215983.CL2026012C | E16: 112 | F16: 110 | G16: 6 | H16: 0.055 | I16: BIG | J16: 0.027 | K16: 50.94 | L16: 39.72 | M16: 152.94 | N16: 153.08 | O16: MANUAL | P16: 50.75 | Q16: 39.6 | R16: 152.24 | S16: 152.46 | T16: AMIRUN | U16: DONE | V16: Full Rim
A17: 46196.9 | B17: 237933 | C17: IRJ127B2C0000322 | D17: 237933.IRJ127B2C0000322 | E17: 14 | F17: 10 | G17: 6 | H17: 0.6 | I17: BIG | J17: 0.042 | K17: 50.5 | L17: 39.55 | M17: 151.45 | N17: 151.45 | O17: MANUAL | P17: 50.29 | Q17: 39.4 | R17: 150.67 | S17: 150.65 | T17: AMIRUN | U17: DONE | V17: Half Rim
A18: 46196.901 | B18: 241091 | C18: IRJ127B2C0000832 | D18: 241091.IRJ127B2C0000832 | E18: 19 | F18: 17 | G18: 6 | H18: 0.353 | I18: BIG | J18: 0.156 | K18: 54.01 | L18: 43.36 | M18: 160.84 | N18: 159.79 | O18: MANUAL | P18: 53.6 | Q18: 43.16 | R18: 159.87 | S18: 159.29 | T18: AMIRUN | U18: DONE | V18: Full Rim
A19: 46196.902 | B19: 148157 | C19: 26WLS-209O | D19: 148157.26WLS-209O | E19: 73 | F19: 71 | G19: 5 | H19: 0.07 | I19: BIG | J19: 0.061 | K19: 50.69 | L19: 45.23 | M19: 152.78 | N19: 152.78 | O19: MANUAL | P19: 50.5 | Q19: 45.05 | R19: 152.19 | S19: 152.11 | T19: AMIRUN | U19: DONE | V19: Full Rim
A20: 46196.903 | B20: 241120 | C20: IRJ127B2C0000631 | D20: 241120.IRJ127B2C0000631 | E20: 49 | F20: 44 | G20: 5 | H20: 0.114 | I20: BIG | J20: 0.06 | K20: 56.09 | L20: 39.17 | M20: 164.14 | N20: 163.8 | O20: MANUAL | P20: 55.89 | Q20: 38.95 | R20: 163.33 | S20: 163.09 | T20: AMIRUN | U20: DONE | V20: Full Rim
B21: 134949 | C21: IN026052503F | D21: 134949.IN026052503F | E21: 19 | F21: 16 | G21: 4 | H21: 0.25 | I21: BIG | V21: Half Rim
B22: 134951 | C22: IN026050803C | D22: 134951.IN026050803C | E22: 26 | F22: 25 | G22: 4 | H22: 0.16 | I22: CHIP | J22: 0.1818 | V22: Half Rim
A23: 46196.904 | B23: 148906 | C23: 26WLS-210J | D23: 148906.26WLS-210J | E23: 26 | F23: 23 | G23: 4 | H23: 0.174 | I23: BIG | J23: 0.121 | K23: 49.66 | L23: 39.02 | M23: 147.01 | N23: 147.3 | O23: MANUAL | P23: 49.4 | Q23: 38.8 | R23: 146.2 | S23: 146.38 | T23: AMIRUN | U23: DONE | V23: Full Rim
A24: 46196.91 | B24: 224353 | C24: HD20251360A | D24: 224353.HD20251360A | E24: 54 | F24: 51 | G24: 4 | H24: 0.078 | I24: BIG | J24: 0.019 | K24: 55.08 | L24: 45.95 | M24: 165.74 | N24: 165.75 | O24: MANUAL | P24: 54.91 | Q24: 45.9 | R24: 165.11 | S24: 165.11 | T24: AMIRUN | U24: DONE | V24: Full Rim
A25: 46196.911 | B25: 224849 | C25: 263068-D | D25: 224849.263068-D | E25: 65 | F25: 57 | G25: 4 | H25: 0.07 | I25: BIG | J25: 0.039 | K25: 54.21 | L25: 42.42 | M25: 161.52 | N25: 161.36 | O25: MANUAL | P25: 54 | Q25: 42.2 | R25: 160.83 | S25: 160.56 | T25: AMIRUN | U25: DONE | V25: Full Rim
A26: 46200.917 | B26: 234798 | C26: CIN-000001389050 | D26: 234798.CIN-000001389050 | E26: 5 | F26: 5 | G26: 4 | H26: 0.8 | I26: SMALL | J26: 0.4 | K26: 51.65 | L26: 43.55 | M26: 154.42 | N26: 154.11 | O26: MANUAL | P26: 52.21 | Q26: 44.1 | R26: 156.21 | S26: 156.17 | T26: AMIRUN | U26: DONE | V26: Full Rim
A27: 46200.914 | B27: 235307 | C27: LSK20260325-A1 | D27: 235307.LSK20260325-A1 | E27: 38 | F27: 37 | G27: 4 | H27: 0.108 | I27: SMALL | J27: 0.023 | K27: 50.18 | L27: 40.94 | M27: 152.28 | N27: 152.2 | O27: MANUAL | P27: 51.3 | Q27: 41.1 | R27: 152.38 | S27: 152.68 | T27: AMIRUN | U27: DONE | V27: Full Rim
A28: 46200.915 | B28: 236141 | C28: 26L123F | D28: 236141.26L123F | E28: 71 | F28: 70 | G28: 4 | H28: 0.057 | I28: SMALL | J28: 0.037 | K28: 53.5 | L28: 41.52 | M28: 157.98 | N28: 158.1 | O28: MANUAL | P28: 53.7 | Q28: 41.71 | R28: 158.12 | S28: 158.14 | T28: AMIRUN | U28: DONE | V28: Full Rim
A29: 46200.915 | B29: 238583 | C29: GLS-20260507-1 | D29: 238583.GLS-20260507-1 | E29: 34 | F29: 34 | G29: 5 | H29: 0.118 | I29: BIG | J29: 0.111 | K29: 51.2 | L29: 36.81 | M29: 148.64 | N29: 148.85 | O29: MANUAL | P29: 50.95 | Q29: 36.6 | R29: 147.86 | S29: 148.3 | T29: AMIRUN | U29: DONE | V29: Full Rim
A30: 46200.916 | B30: 239839 | C30: CIN-000001093608 | D30: 239839.CIN-000001093608 | E30: 39 | F30: 32 | G30: 4 | H30: 0.125 | I30: BIG | J30: 0.023 | K30: 53.4 | L30: 35.8 | M30: 152.98 | N30: 152.68 | O30: MANUAL | P30: 53.21 | Q30: 35.6 | R30: 152.44 | S30: 152.42 | T30: AMIRUN | U30: DONE | V30: Full Rim

Sheet 28-30 JUNE
A1: FRAME PID | B1: PID.INVOICE | C1: Total Items | D1: QC Done (DOT) | E1: MEI Fail (DOT) | F1: MEI Fail % (DOT) | G1: ISSUE | H1: PERCENTAGE | I1: A | J1: B | K1: CIRC R | L1: CIRC L | M1: AFTER | N1: A1 | O1: B1 | P1: CIRC R1 | Q1: CIRC L1 | R1: DONE BY | S1: REMARK | T1: FRAME TYPE
A2: 227571 | B2: 227571.26Y079 | C2: 53 | D2: 37 | E2: 25 | F2: 0.676 | G2: SMALL | H2: 0.568 | I2: 50.3 | J2: 41.96 | K2: 153.16 | L2: 151.95 | M2: MANUALLY | N2: 50.5 | O2: 42.2 | P2: 153.89 | Q2: 152.71 | R2: AMIRUN | T2: Full Rim
A3: 234765 | B3: 234765.IRJ127B2C0001006 | C3: 34 | D3: 29 | E3: 18 | F3: 0.621 | G3: SMALL | H3: 0.483 | I3: 55.1 | J3: 38.97 | K3: 160.1 | L3: 160.43 | M3: MANUALLY | N3: 55.31 | O3: 39.2 | P3: 160.8 | Q3: 161.32 | R3: AMIRUN | T3: Full Rim
A4: 146613 | B4: 146613.26WLS-210F | C4: 178 | D4: 170 | E4: 14 | F4: 0.082 | G4: BIG | H4: 0.018 | I4: 50.58 | J4: 45.97 | K4: 156.75 | L4: 157.2 | M4: MANUALLY | N4: 50.37 | O4: 45.77 | P4: 156.1 | Q4: 156.44 | R4: AMIRUN | T4: Full Rim
A5: 225336 | B5: 225336.IRJ127B2C0000212 | C5: 24 | D5: 23 | E5: 11 | F5: 0.478 | G5: SMALL | H5: 0.391 | I5: 47.69 | J5: 41.42 | K5: 144.46 | L5: 144.86 | M5: MANUALLY | N5: 47.9 | O5: 41.62 | P5: 145.12 | Q5: 145.47 | R5: AMIRUN | T5: Full Rim
A6: 227609 | B6: 227609.26L125B | C6: 169 | D6: 166 | E6: 11 | F6: 0.066 | G6: SMALL | I6: 49.87 | J6: 38.93 | K6: 146.92 | L6: 147.16 | M6: TRACING | N6: 50.16 | O6: 39.68 | P6: 148.36 | Q6: 148.36 | R6: AMIRUN | T6: Full Rim
A7: 134949 | B7: 134949.IN026051603B | C7: 30 | D7: 23 | E7: 9 | F7: 0.391 | T7: Half Rim
A8: 134949 | B8: 134949.IN026052504B | C8: 50 | D8: 41 | E8: 9 | F8: 0.22 | T8: Half Rim
A9: 241933 | B9: 241933.FKS26169J | C9: 134 | D9: 128 | E9: 9 | F9: 0.07 | G9: NO ISSUE | T9: Full Rim
A10: 224841 | B10: 224841.263092-F | C10: 95 | D10: 88 | E10: 8 | F10: 0.091 | G10: BIG | I10: 49.9 | J10: 46.16 | K10: 154.75 | L10: 154.89 | M10: MANUALLY | N10: 49.71 | O10: 45.95 | P10: 154 | Q10: 153.76 | R10: AMIRUN | T10: Full Rim
A11: 221172 | B11: 221172.FKS26158A | C11: 106 | D11: 104 | E11: 8 | F11: 0.077 | G11: BIG | I11: 52.7 | J11: 37.82 | K11: 151.46 | L11: 151.59 | M11: MANUALLY | N11: 52.6 | O11: 37.76 | P11: 151.06 | Q11: 150.86 | R11: AMIRUN | T11: Full Rim
A12: 229137 | B12: 229137.FKS26124B | C12: 148 | D12: 134 | E12: 8 | F12: 0.06 | G12: NO ISSUE | T12: Full Rim
A13: 143018 | B13: 143018.26L165A | C13: 43 | D13: 42 | E13: 7 | F13: 0.167 | G13: WRONG SHAPE | H13: 0.139 | T13: Half Rim
A14: 134826 | B14: 134826.FKS26139M | C14: 45 | D14: 43 | E14: 7 | F14: 0.163 | T14: Full Rim
A15: 142997 | B15: 142997.26WLS-210F | C15: 79 | D15: 77 | E15: 7 | F15: 0.091 | G15: SCR | T15: Half Rim
A16: 219363 | B16: 219363.FKS26184A | C16: 118 | D16: 109 | E16: 7 | F16: 0.064 | G16: W/SHAPE | T16: Half Rim
A17: 235326 | B17: 235326.26WLS-069C | C17: 118 | D17: 114 | E17: 7 | F17: 0.061 | G17: SMALL | I17: 52.76 | J17: 42.97 | K17: 160.95 | L17: 160.87 | M17: MANUALLY | N17: 53.09 | O17: 43.21 | P17: 161.7 | Q17: 161.67 | R17: AMIRUN | T17: Full Rim
A18: 137971 | B18: 137971.FKS26174D | C18: 121 | D18: 118 | E18: 7 | F18: 0.059 | G18: SCR | T18: Full Rim
A19: 241119 | B19: 241119.IRJ127B2C0001139 | C19: 19 | D19: 17 | E19: 6 | F19: 0.353 | G19: NO ISSUE | T19: Full Rim
A20: 245975 | B20: 245975.IN026053002A | C20: 28 | D20: 28 | E20: 6 | F20: 0.214 | G20: BIG | I20: 53.5 | J20: 47.11 | K20: 164.81 | L20: 165.26 | M20: MANUALLY | N20: 53.3 | O20: 46.91 | P20: 164.14 | Q20: 164.45 | R20: AMIRUN | T20: Full Rim
A21: 241189 | B21: 241189.IN26007F | C21: 37 | D21: 33 | E21: 6 | F21: 0.182 | T21: Full Rim
A22: 239839 | B22: 239839.CIN-000001093608 | C22: 47 | D22: 36 | E22: 6 | F22: 0.167 | T22: Full Rim
A23: 220126 | B23: 220126.H2628B | C23: 47 | D23: 42 | E23: 6 | F23: 0.143 | T23: Full Rim
A24: 224849 | B24: 224849.263068-D | C24: 83 | D24: 66 | E24: 6 | F24: 0.091 | T24: Full Rim
A25: 151889 | B25: 151889.LK260501 | C25: 13 | D25: 12 | E25: 5 | F25: 0.417 | T25: Full Rim
A26: 218966 | B26: 218966.IRJ127B2C000807 | C26: 14 | D26: 12 | E26: 5 | F26: 0.417 | T26: Full Rim
A27: 225336 | B27: 225336.IRJ127B2C0000270 | C27: 16 | D27: 16 | E27: 5 | F27: 0.313 | T27: Full Rim
A28: 224849 | B28: 224849.263080-D | C28: 20 | D28: 18 | E28: 5 | F28: 0.278 | T28: Full Rim
A29: 146653 | B29: 146653.F2604B | C29: 21 | D29: 19 | E29: 5 | F29: 0.263 | T29: Full Rim
A30: 134951 | B30: 134951.IN026051603F | C30: 29 | D30: 20 | E30: 5 | F30: 0.25 | T30: Full Rim
A31: 225336 | B31: 225336.IRJ127B2C0000539 | C31: 27 | D31: 25 | E31: 5 | F31: 0.2 | T31: Full Rim
A32: 241117 | B32: 241117.IRJ127B2C0000969 | C32: 59 | D32: 56 | E32: 5 | F32: 0.089 | T32: Full Rim
... A35: 137971 | B35: 137971.FKS26096B | C35: 83 | D35: 81 | E35: 5 | F35: 0.062 | T35: Full Rim

Sheet 14-18 JULY
A1: FRAME PID | B1: INVOICE | C1: PID.INVOICE | D1: Total Items | E1: QC Done (DOT) | F1: MEI Fail (DOT) | G1: MEI Fail % (DOT) | H1: ISSUE | I1: PERCENTAGE | J1: A | K1: B | L1: CIRC R | M1: CIRC L | N1: AFTER | O1: A1 | P1: B1 | Q1: CIRC R1 | R1: CIRC L1 | S1: DONE BY | T1: REMARK | U1: First frame_type
A2: 228997 | B2: FKS26199O | C2: 228997.FKS26199O | D2: 368 | E2: 349 | F2: 22 | G2: 0.063 | H2: BIG | I2: 2.9 | J2: 52.73 | K2: 36.42 | L2: 151.74 | M2: 151.74 | O2: 52.5 | P2: 36.22 | Q2: 151.04 | R2: 150.83 | T2: DONE | U2: Full Rim
A3: 143018 | B3: 26L165A | C3: 143018.26L165A | D3: 103 | E3: 94 | F3: 16 | G3: 0.17 | H3: WRONG SHAPE | U3: Half Rim
A4: 234796 | B4: CIN-000001467074 | C4: 234796.CIN-000001467074 | D4: 31 | E4: 30 | F4: 16 | G4: 0.533 | H4: SMALL | J4: 49.81 | K4: 47.29 | L4: 158.13 | M4: 158.24 | O4: 50.2 | P4: 47.4 | Q4: 158.99 | R4: 158.98 | T4: DONE | U4: Full Rim
A5: 219825 | B5: LSK26060502-A15 | C5: 219825.LSK26060502-A15 | D5: 190 | E5: 177 | F5: 14 | G5: 0.079 | H5: BIG | J5: 55.36 | K5: 37.61 | L5: 157.26 | M5: 157.07 | O5: 55.16 | P5: 37.4 | Q5: 156.35 | R5: 156.01 | T5: DONE | U5: Full Rim
A6: 221282 | B6: LSK26061102-A16 | C6: 221282.LSK26061102-A16 | D6: 114 | E6: 109 | F6: 13 | G6: 0.119 | H6: BIG | J6: 54.57 | K6: 41.98 | L6: 162.17 | M6: 162.27 | O6: 54.37 | P6: 41.7 | Q6: 161.16 | R6: 161.07 | T6: DONE | U6: Full Rim
A7: 241079 | B7: IRJ127B2C0001196 | C7: 241079.IRJ127B2C0001196 | D7: 16 | E7: 16 | F7: 13 | G7: 0.813 | H7: BIG | J7: 55.15 | K7: 34.79 | L7: 149.57 | M7: 149.55 | O7: 54.98 | P7: 34.59 | Q7: 148.84 | R7: 148.9 | T7: DONE | U7: Full Rim
A8: 146653 | B8: F2604A | C8: 146653.F2604A | D8: 176 | E8: 166 | F8: 12 | G8: 0.072 | H8: NO ISSUE | U8: Full Rim
A9: 149022 | B9: SLK260507 | C9: 149022.SLK260507 | D9: 218 | E9: 206 | F9: 12 | G9: 0.058 | H9: SMALL | J9: 51.74 | K9: 41.65 | L9: 153.91 | M9: 153.91 | O9: 51.95 | P9: 41.9 | Q9: 154.67 | R9: 154.75 | T9: DONE | U9: Full Rim
A10: 207671 | B10: IHR127B2C0002511 | C10: 207671.IHR127B2C0002511 | D10: 147 | E10: 139 | F10: 12 | G10: 0.086 | H10: SMALL | J10: 51.38 | K10: 43.84 | L10: 155.77 | M10: 155.6 | O10: 51.61 | P10: 44.1 | Q10: 156.49 | R10: 156.73 | T10: DONE | U10: Full Rim
A11: 227571 | B11: 26Y079 | C11: 227571.26Y079 | D11: 52 | E11: 46 | F11: 12 | G11: 0.261 | H11: SMALL | I11: 0.224 | U11: Full Rim
A12: 210433 | B12: FKS26197T | C12: 210433.FKS26197T | D12: 150 | E12: 140 | F12: 10 | G12: 0.071 | H12: NO ISSUE | U12: Full Rim
A13: 228743 | B13: 26YC049 | C13: 228743.26YC049 | D13: 90 | E13: 79 | F13: 10 | G13: 0.127 | H13: BIG | J13: 52.47 | K13: 44.06 | L13: 162.05 | M13: 162.66 | O13: 52.28 | P13: 43.9 | Q13: 161.36 | R13: 161.08 | T13: DONE | U13: Full Rim
A14: 143447 | B14: CEGPL24-25/006 | C14: 143447.CEGPL24-25/006 | D14: 124 | E14: 120 | F14: 9 | G14: 0.075 | H14: BIG | J14: 53.4 | K14: 38.43 | L14: 154.1 | M14: 153.97 | O14: 53.2 | P14: 38.15 | Q14: 153.27 | R14: 153.25 | T14: DONE | U14: Full Rim
A15: 207671 | B15: IHR127B2C0002603 | C15: 207671.IHR127B2C0002603 | D15: 24 | E15: 24 | F15: 8 | G15: 0.333 | H15: SMALL | I15: 29.2 | J15: 51.2 | K15: 43.6 | L15: 155.66 | M15: 155.65 | O15: 51.41 | P15: 43.9 | Q15: 156.47 | R15: 156.47 | T15: DONE | U15: Full Rim
A16: 220126 | B16: H2630 | C16: 220126.H2630 | D16: 177 | E16: 145 | F16: 8 | G16: 0.055 | H16: BIG | I16: 0.032 | J16: 53.34 | K16: 32.2 | L16: 147.97 | M16: 147.21 | O16: 53.2 | P16: 31.95 | Q16: 147.28 | R16: 146.99 | T16: DONE | U16: Full Rim
A17: 218966 | B17: IRJ127B2C000807 | C17: 218966.IRJ127B2C000807 | D17: 21 | E17: 20 | F17: 7 | G17: 0.35 | H17: BIG | I17: 13 | J17: 51.98 | K17: 38.99 | L17: 145.43 | M17: 146.17 | O17: 51.7 | P17: 38.71 | Q17: 144.33 | R17: 145.15 | T17: DONE | U17: Full Rim
A18: 234796 | B18: CIN-000001462531 | C18: 234796.CIN-000001462531 | D18: 31 | E18: 11 | F18: 7 | G18: 0.636 | H18: SMALL | I18: 63.6 | J18: 50.46 | K18: 46.51 | L18: 157.78 | M18: 157.82 | O18: 50.71 | P18: 46.8 | Q18: 158.54 | R18: 158.31 | T18: DONE | U18: Full Rim
A19: 236141 | B19: 26L123F | C19: 236141.26L123F | D19: 125 | E19: 120 | F19: 7 | G19: 0.058 | H19: BIG | I19: 2.9 | J19: 53.5 | K19: 41.52 | L19: 157.98 | M19: 158.1 | O19: 53.7 | P19: 41.71 | Q19: 158.12 | R19: 158.14 | T19: DONE | U19: Full Rim
A20: 236913 | B20: CIN-000000706524 | C20: 236913.CIN-000000706524 | D20: 19 | E20: 16 | F20: 7 | G20: 0.438 | H20: SMALL | I20: 47.4 | J20: 52.37 | K20: 40.43 | L20: 156.72 | M20: 156.76 | O20: 52.66 | P20: 40.7 | Q20: 157.63 | R20: 157.62 | T20: DONE | U20: Full Rim
A21: 134949 | B21: IN026041808C | C21: 134949.IN026041808C | D21: 60 | E21: 55 | F21: 6 | G21: 0.109 | H21: BIG | I21: 4.8 | U21: HALF Rim
A22: 213180 | B22: LSK26060502-A14 | C22: 213180.LSK26060502-A14 | D22: 54 | E22: 56 | F22: 6 | G22: 0.107 | H22: BIG | I22: 5.4 | J22: 59.2 | K22: 39.55 | L22: 161.85 | M22: 161.99 | O22: 58.89 | P22: 39.3 | Q22: 160.55 | R22: 160.48 | T22: DONE | U22: Full Rim
A23: 234765 | B23: IRJ127B2C0001006 | C23: 234765.IRJ127B2C0001006 | D23: 27 | E23: 23 | F23: 6 | G23: 0.261 | H23: SMALL | I23: 16.7 | J23: 55.31 | K23: 39.2 | L23: 160.8 | M23: 161.32 | O23: 55.52 | P23: 39.4 | Q23: 161.47 | R23: 162.17 | T23: DONE | U23: Full Rim
A24: 236095 | B24: IHR127B2C0000556 | C24: 236095.IHR127B2C0000556 | D24: 9 | E24: 8 | F24: 6 | G24: 0.75 | H24: SMALL | I24: 66.7 | J24: 49.57 | K24: 42.29 | L24: 149.58 | M24: 149.78 | O24: 49.38 | P24: 42.21 | Q24: 149.14 | R24: 148.87 | T24: DONE | U24: Full Rim
A25: 213180 | B25: LSK26060502-A9 | C25: 213180.LSK26060502-A9 | D25: 31 | E25: 25 | F25: 5 | G25: 0.2 | H25: BIG | I25: 5.4 | J25: 60.07 | K25: 39.99 | L25: 163.43 | M25: 162.37 | O25: 59.89 | P25: 39.8 | Q25: 162.83 | R25: 162.38 | T25: DONE | U25: Full Rim
A26: 223232 | B26: 263058-E | C26: 223232.263058-E | D26: 50 | E26: 49 | F26: 5 | G26: 0.102 | H26: BIG | I26: 5.7 | J26: 50.04 | K26: 44.09 | L26: 151.56 | M26: 151.44 | O26: 49.9 | P26: 43.8 | Q26: 150.89 | R26: 150.83 | T26: DONE | U26: Full Rim
A27: 223232 | B27: 263064-F | C27: 223232.263064-F | D27: 57 | E27: 52 | F27: 5 | G27: 0.096 | H27: BIG | I27: 7 | J27: 50.24 | K27: 44.06 | L27: 151.84 | M27: 151.8 | O27: 50.15 | P27: 43.9 | Q27: 151.32 | R27: 151.52 | T27: DONE | U27: Full Rim
A28: 224848 | B28: 263095-B | C28: 224848.263095-B | D28: 80 | E28: 75 | F28: 5 | G28: 0.067 | H28: BIG | I28: 4.7 | J28: 54.16 | K28: 42.46 | L28: 161.5 | M28: 161.5 | O28: 53.97 | P28: 42.26 | Q28: 160.78 | R28: 160.55 | T28: DONE | U28: Full Rim
A29: 225336 | B29: IRJ126B2C0001387 | C29: 225336.IRJ126B2C0001387 | D29: 27 | E29: 26 | F29: 5 | G29: 0.192 | H29: BIG | I29: 11.5 | J29: 47.77 | K29: 40.82 | L29: 143.57 | M29: 143.96 | O29: 47.57 | P29: 40.62 | Q29: 142.9 | R29: 142.74 | T29: DONE | U29: Full Rim
A30: 225336 | B30: IRJ127B2C0000223 | C30: 225336.IRJ127B2C0000223 | D30: 8 | E30: 7 | F30: 5 | G30: 0.714 | H30: SMALL | I30: 75 | J30: 47.6 | K30: 41.24 | L30: 143.99 | M30: 144.44 | O30: 47.8 | P30: 41.6 | Q30: 144.89 | R30: 144.9 | T30: DONE | U30: Full Rim
A31: 234796 | B31: IRJ126B2C0001235 | C31: 234796.IRJ126B2C0001235 | D31: 8 | E31: 5 | F31: 5 | G31: 1 | H31: BIG | I31: 60 | J31: 50.27 | K31: 46.97 | L31: 158.18 | M31: 158.22 | O31: 50.09 | P31: 46.7 | Q31: 157.32 | R31: 157.36 | T31: DONE | U31: Full Rim
A32: 235309 | B32: LSK20260325-A2 | C32: 235309.LSK20260325-A2 | D32: 38 | E32: 37 | F32: 5 | G32: 0.135 | H32: BIG | I32: 2.5 | J32: 55.44 | K32: 45.63 | L32: 167.72 | M32: 167.72 | O32: 55.2 | P32: 45.41 | Q32: 166.91 | R32: 166.82 | T32: DONE | U32: Full Rim
A33: 239026 | B33: FKS26198D | C33: 239026.FKS26198D | D33: 57 | E33: 56 | F33: 5 | G33: 0.089 | H33: BIG | I33: 5.9 | J33: 53.06 | K33: 36.84 | L33: 152.02 | M33: 152.19 | O33: 52.9 | P33: 36.7 | Q33: 151.53 | R33: 153.45 | T33: DONE | U33: Full Rim
... A36: 242697 | B36: IRJ127B2C0001199 | C36: 242697.IRJ127B2C0001199 | D36: 21 | E36: 20 | F36: 5 | G36: 0.25 | H36: BIG | I36: 19 | J36: 60.11 | K36: 48.51 | L36: 177.43 | M36: 177.85 | O36: 59.9 | P36: 48.39 | Q36: 176.76 | R36: 176.88 | T36: DONE | U36: Full Rim

Sheet 19-23 JULY
A1: FRAME PID | B1: INVOICE | C1: PID.INVOICE | D1: Total Items | E1: QC Done (DOT) | F1: MEI Fail (DOT) | G1: MEI Fail % (DOT) | H1: ISSUE | I1: PERCENTAGE | J1: A | K1: B | L1: CIRC R | M1: CIRC L | N1: AFTER | O1: A1 | P1: B1 | Q1: CIRC R1 | R1: CIRC L1 | S1: DONE BY | T1: REMARK | U1: First frame_type
A2: 149022 | B2: SLK260507 | C2: 149022.SLK260507 | D2: 487 | E2: 456 | F2: 23 | G2: 0.05 | H2: SMALL | I2: 3.3 | J2: 51.95 | K2: 41.9 | L2: 154.67 | M2: 154.75 | O2: 51.98 | P2: 41.96 | Q2: 154.67 | R2: 154.75 | S2: GITANJALI | U2: Full Rim | V2: =VLOOKUP(C:C,'1-7 AUG'!C:C,1,0) -> #N/A
A3: 231942 | B3: IHR127B2C0002485 | C3: 231942.IHR127B2C0002485 | D3: 269 | E3: 266 | F3: 23 | G3: 0.086 | H3: SMALL | I3: 8.1 | J3: 51.16 | K3: 43.49 | L3: 155.32 | M3: 154.94 | O3: 51.23 | P3: 43.49 | Q3: 155.32 | R3: 154.94 | S3: GITANJALI | U3: Full Rim
A4: 201100 | B4: 26WLS-271B | C4: 201100.26WLS-271B | D4: 238 | E4: 227 | F4: 22 | G4: 0.097 | H4: BIG | I4: 2.2 | J4: 52.34 | K4: 40.48 | L4: 156.68 | M4: 156.73 | O4: 52.32 | P4: 40.46 | Q4: 156.68 | R4: 156.73 | S4: GITANJALI | U4: Full Rim
A5: 225336 | B5: IRJ127B2C0000270 | C5: 225336.IRJ127B2C0000270 | D5: 33 | E5: 31 | F5: 21 | G5: 0.677 | H5: SMALL | I5: 28.1 | J5: 47.39 | K5: 41.61 | L5: 144.52 | M5: 144.52 | O5: 47.42 | P5: 41.65 | Q5: 144.52 | R5: 144.52 | S5: GITANJALI | U5: Full Rim
A6: 241117 | B6: IRJ127B2C0001450 | C6: 241117.IRJ127B2C0001450 | D6: 125 | E6: 115 | F6: 21 | G6: 0.183 | H6: BIG | I6: 13.3 | J6: 55.09 | K6: 36.32 | L6: 154.84 | M6: 154.69 | O6: 54.88 | P6: 36.3 | Q6: 154.84 | R6: 154.69 | S6: GITANJALI | U6: Full Rim
A7: 241119 | B7: IRJ127B2C0001487 | C7: 241119.IRJ127B2C0001487 | D7: 92 | E7: 88 | F7: 21 | G7: 0.239 | H7: BIG | I7: 12.6 | J7: 55.84 | K7: 39.21 | L7: 164.06 | M7: 164.32 | O7: 55.72 | P7: 39.19 | Q7: 162.89 | R7: 163.25 | S7: GITANJALI | U7: Full Rim
A8: 143018 | B8: 26L165A | C8: 143018.26L165A | D8: 197 | E8: 186 | F8: 20 | G8: 0.108 | H8: BIG,SMALL | I8: 0.2,0.2 | J8: UNDER OBSERVATION | S8: ADITI | T8: NOT CORRECTED | U8: Half Rim
A9: 243271 | B9: LSK26060502-A8 | C9: 243271.LSK26060502-A8 | D9: 259 | E9: 235 | F9: 19 | G9: 0.081 | H9: BIG | I9: 4.5 | J9: 53.34 | K9: 39.69 | L9: 155.62 | M9: 155.54 | O9: 53.25 | P9: 39.68 | Q9: 155.47 | R9: 155.56 | S9: GITANJALI | U9: Full Rim
A10: 134951 | B10: IN026051603F | C10: 134951.IN026051603F | D10: 85 | E10: 76 | F10: 15 | G10: 0.197 | H10: BIG | I10: 4.8 | J10: 56.21 | K10: 45.23 | L10: 169.49 | M10: 169.49 | O10: 56.17 | P10: 45.19 | Q10: 169.37 | R10: 169.37 | S10: GITANJALI | U10: Full Rim
A11: 146653 | B11: F2604B | C11: 146653.F2604B | D11: 107 | E11: 105 | F11: 14 | G11: 0.133 | H11: SMALL | I11: 8 | J11: 50.66 | K11: 36.22 | L11: 146.61 | M11: 147.01 | O11: 50.72 | P11: 36.36 | Q11: 146.87 | R11: 146.94 | S11: GITANJALI | U11: Full Rim
A12: 137971 | B12: FKS26175E | C12: 137971.FKS26175E | D12: 245 | E12: 234 | F12: 13 | G12: 0.056 | H12: BIG | I12: 3.4 | J12: 52.59 | K12: 44.15 | L12: 157.34 | M12: 157.08 | O12: 52.19 | P12: 43.76 | Q12: 156.41 | R12: 156.36 | S12: GITANJALI | U12: Full Rim
A13: 213182 | B13: LSK26062202-A7 | C13: 213182.LSK26062202-A7 | D13: 120 | E13: 112 | F13: 13 | G13: 0.116 | H13: BIG | I13: 7.6 | J13: 55.34 | K13: 39.58 | L13: 160.82 | M13: 161.26 | O13: 54.87 | P13: 39.42 | Q13: 160.5 | R13: 159.93 | S13: GITANJALI | U13: Full Rim
A14: 221282 | B14: LSK26061102-A16 | C14: 221282.LSK26061102-A16 | D14: 99 | E14: 92 | F14: 12 | G14: 0.13 | H14: BIG | I14: 6.7 | J14: 54.06 | K14: 42.65 | L14: 160.49 | M14: 160.49 | O14: 53.93 | P14: 42.51 | Q14: 160.09 | R14: 160.09 | S14: GITANJALI | U14: Full Rim
A15: 227571 | B15: 26Y079 | C15: 227571.26Y079 | D15: 57 | E15: 54 | F15: 12 | G15: 0.222 | H15: SMALL | I15: 36.7 | J15: 49.96 | K15: 39.05 | L15: 153.7 | M15: 153.56 | O15: 50.55 | P15: 42.73 | Q15: 153.89 | R15: 152.71 | S15: ADITI | U15: Full Rim
A16: 241119 | B16: IRJ127B2C0001488 | C16: 241119.IRJ127B2C0001488 | D16: 97 | E16: 93 | F16: 12 | G16: 0.129 | H16: BIG | I16: 8.8 | J16: 55.56 | K16: 39.6 | L16: 163.58 | M16: 163.02 | O16: 55.48 | P16: 39.54 | Q16: 163.36 | R16: 162.79 | S16: ADITI | U16: Full Rim
A17: 234780 | B17: IRJ127B2C0001031 | C17: 234780.IRJ127B2C0001031 | D17: 160 | E17: 148 | F17: 11 | G17: 0.074 | H17: BIG | I17: 6.7 | J17: 50.62 | K17: 43.84 | L17: 155.57 | M17: 155.4 | O17: 50.59 | P17: 43.8 | Q17: 155.45 | R17: 155.33 | S17: GITANJALI | U17: Full Rim
A18: 241115 | B18: IRJ127B2C0001394 | C18: 241115.IRJ127B2C0001394 | D18: 78 | E18: 77 | F18: 10 | G18: 0.13 | H18: BIG | I18: 10.3 | J18: 55.16 | K18: 34.74 | L18: 149.73 | M18: 149.6 | O18: 55.12 | P18: 34.58 | Q18: 149.57 | R18: 149 | S18: GITANJALI | U18: Full Rim
A19: 239839 | B19: CIN-000001093608 | C19: 239839.CIN-000001093608 | D19: 49 | E19: 41 | F19: 9 | G19: 0.22 | H19: BIG | I19: 6.7 | J19: 53.51 | K19: 35.85 | L19: 153.28 | M19: 153.26 | O19: 53.45 | P19: 35.79 | Q19: 153.17 | R19: 153.16 | S19: GITANJALI | U19: Full Rim
A20: 241092 | B20: IRJ127B2C0001502 | C20: 241092.IRJ127B2C0001502 | D20: 35 | E20: 33 | F20: 9 | G20: 0.273 | H20: BIG | I20: 18.2 | J20: 53.86 | K20: 43.63 | L20: 160.54 | M20: 160.17 | O20: 53.76 | P20: 43.42 | Q20: 160.4 | R20: 159.87 | S20: GITANJALI | U20: Full Rim
... A36: 222900 | B36: IN026051603C | C36: 222900.IN026051603C | D36: 68 | E36: 64 | F36: 5 | G36: 0.078 | H36: SMALL | I36: 4.8 | J36: 54.86 | K36: 42.09 | L36: 164.05 | M36: 164.15 | O36: 54.9 | P36: 42.16 | Q36: 164.25 | R36: 164.18 | S36: ADITI | U36: Full Rim
A37: 227450 | B37: 263044-E | C37: 227450.263044-E | D37: 98 | E37: 95 | F37: 5 | G37: 0.053 | H37: BIG | I37: 2.7 | J37: Already Done | S37: ADITI | U37: Full Rim
A38: 234765 | B38: IRJ127B2C0001006 | C38: 234765.IRJ127B2C0001006 | D38: 28 | E38: 23 | F38: 5 | G38: 0.217 | H38: BIG /SMALL | I38: 5.6/5.6 | J38: UNDER OBSERVATION | S38: ADITI | T38: NOT CORRECTED | U38: Full Rim
A39: 234796 | B39: IRJ126B2C0001235 | C39: 234796.IRJ126B2C0001235 | D39: 9 | E39: 7 | F39: 5 | G39: 0.714 | H39: BIG | I39: 65.1 | J39: 50.09 | K39: 46.7 | L39: 157.32 | M39: 157.36 | O39: 50.05 | P39: 46.65 | Q39: 157.19 | R39: 157.36 | S39: ADITI | U39: Full Rim
A40: 238662 | B40: GLS-20260409 | C40: 238662.GLS-20260409 | D40: 99 | E40: 86 | F40: 5 | G40: 0.058 | H40: BIG | I40: 2.2 | J40: 51.3 | K40: 32.62 | L40: 139.92 | M40: 139.77 | O40: 51.26 | P40: 32.58 | Q40: 139.67 | R40: 139.67 | S40: ADITI | U40: Full Rim
A41: 241386 | B41: IN26042J | C41: 241386.IN26042J | D41: 47 | E41: 40 | F41: 5 | G41: 0.125 | H41: BIG | I41: 4.1 | J41: 51.69 | K41: 39.8 | L41: 149.97 | M41: 150.29 | O41: 51.6 | P41: 39.6 | Q41: 149.98 | R41: 149.83 | S41: ADITI | U41: Full Rim

Sheet 21-28 JULY
A1: FRAME PID | B1: INVOICE | C1: PID.INVOICE | D1: Total Items | E1: QC Done (DOT) | F1: MEI Fail (DOT) | G1: MEI Fail % (DOT) | H1: ISSUE | I1: PERCENTAGE | J1: A | K1: B | L1: CIRC R | M1: CIRC L | N1: AFTER | O1: A1 | P1: B1 | Q1: CIRC R1 | R1: CIRC L1 | S1: DONE BY | T1: REMARK | U1: Frame Type
A2: 241115 | B2: IRJ127B2C0001480 | C2: 241115.IRJ127B2C0001480 | D2: 193 | E2: 188 | F2: 10 | G2: 0.053 | H2: BIG | I2: 5 | J2: 55.41 | K2: 34.62 | L2: 149.68 | M2: 149.75 | O2: 55.2 | P2: 34.4 | Q2: 148.8 | R2: 148.91 | S2: AMIRUN | U2: Full Rim | V2: =VLOOKUP(C:C,'1-7 AUG'!C:C,1,0) -> #N/A
A3: 148157 | B3: 26WLS-310E | C3: 148157.26WLS-310E | D3: 134 | E3: 130 | F3: 10 | G3: 0.077 | H3: BIG | I3: 4.9 | J3: 50.43 | K3: 45.36 | L3: 152.9 | M3: 152.72 | O3: 50.2 | P3: 45.16 | Q3: 152.21 | R3: 152.02 | S3: AMIRUN | U3: Full Rim | V3: =VLOOKUP(C:C,'1-7 AUG'!C:C,1,0) -> #N/A
A4: 238524 | B4: GLS-20260506-2 | C4: 238524.GLS-20260506-2 | D4: 97 | E4: 87 | F4: 10 | G4: 0.115 | H4: BIG | I4: 1.9 | T4: SHAPE NOT FOUND | U4: Full Rim | V4: =VLOOKUP(C:C,'1-7 AUG'!C:C,1,0) -> #N/A
A5: 237932 | B5: IRJ127B2C0000347 | C5: 237932.IRJ127B2C0000347 | D5: 11 | E5: 11 | F5: 10 | G5: 0.909 | H5: SMALL | I5: 90 | J5: 47.09 | K5: 43.2 | L5: 145.77 | M5: 146.14 | O5: 47.31 | P5: 43.4 | Q5: 146.43 | R5: 146.95 | S5: AMIRUN | U5: Full Rim | V5: =VLOOKUP(C:C,'1-7 AUG'!C:C,1,0) -> 237932.IRJ127B2C0000347
A6: 245903 | B6: FKS26210E | C6: 245903.FKS26210E | D6: 186 | E6: 180 | F6: 9 | G6: 0.05 | H6: BIG | I6: 3.1 | J6: 56.43 | K6: 43.46 | L6: 166.01 | M6: 166.28 | O6: 56.2 | P6: 43.26 | Q6: 165.28 | R6: 165.39 | S6: AMIRUN | U6: Full Rim | V6: =VLOOKUP(C:C,'1-7 AUG'!C:C,1,0) -> #N/A
A7: 221176 | B7: FKS26218 | C7: 221176.FKS26218 | D7: 169 | E7: 166 | F7: 9 | G7: 0.054 | H7: BIG | I7: 3.8 | J7: 51.85 | K7: 41.35 | L7: 156.35 | M7: 156.2 | O7: 51.65 | P7: 41.1 | Q7: 156.06 | R7: 156.24 | S7: AMIRUN | U7: Full Rim | V7: =VLOOKUP(C:C,'1-7 AUG'!C:C,1,0) -> #N/A
A8: 245905 | B8: FKS26210E | C8: 245905.FKS26210E | D8: 96 | E8: 94 | F8: 9 | G8: 0.096 | H8: BIG | I8: 6.8 | J8: 58.63 | K8: 37.82 | L8: 163.85 | M8: 163.92 | O8: 58.43 | P8: 37.6 | Q8: 163.11 | R8: 163.21 | S8: AMIRUN | U8: Full Rim | V8: =VLOOKUP(C:C,'1-7 AUG'!C:C,1,0) -> #N/A
A9: 234794 | B9: IRJ127B2C0001482 | C9: 234794.IRJ127B2C0001482 | D9: 87 | E9: 86 | F9: 9 | G9: 0.105 | H9: BIG | I9: 6.3 | J9: 51.88 | K9: 43.87 | L9: 155.23 | M9: 155.4 | O9: 51.68 | P9: 43.65 | Q9: 154.43 | R9: 154.55 | S9: AMIRUN | U9: Full Rim | V9: =VLOOKUP(C:C,'1-7 AUG'!C:C,1,0) -> #N/A
A10: 242912 | B10: 26L161A | C10: 242912.26L161A | D10: 79 | E10: 76 | F10: 9 | G10: 0.118 | H10: BIG | I10: 7.1 | J10: 56.37 | K10: 41.22 | L10: 165.83 | M10: 165.83 | O10: 56.17 | P10: 41.06 | Q10: 165.18 | R10: 164.89 | S10: AMIRUN | U10: Full Rim | V10: =VLOOKUP(C:C,'1-7 AUG'!C:C,1,0) -> #N/A
A11: 219545 | B11: FKS26200O | C11: 219545.FKS26200O | D11: 60 | E11: 59 | F11: 9 | G11: 0.153 | H11: BIG | I11: 13.2 | J11: 51.33 | K11: 31.13 | L11: 140.98 | M11: 141.55 | O11: 51.09 | P11: 30.95 | Q11: 140.3 | R11: 140.88 | S11: AMIRUN | U11: Full Rim | V11: =VLOOKUP(C:C,'1-7 AUG'!C:C,1,0) -> #N/A
A12: 241113 | B12: IRJ127B2C0001371 | C12: 241113.IRJ127B2C0001371 | D12: 142 | E12: 137 | F12: 8 | G12: 0.058 | H12: BIG | I12: 3.4 | J12: 54.22 | K12: 37.5 | L12: 151.53 | M12: 151.35 | O12: 54.2 | P12: 37.3 | Q12: 151.19 | R12: 150.64 | S12: AMIRUN | U12: Full Rim | V12: =VLOOKUP(C:C,'1-7 AUG'!C:C,1,0) -> #N/A
A13: 241119 | B13: IRJ127B2C0001154 | C13: 241119.IRJ127B2C0001154 | D13: 114 | E13: 113 | F13: 8 | G13: 0.071 | H13: BIG | I13: 6.7 | J13: 55.77 | K13: 39.01 | L13: 162.61 | M13: 162.66 | O13: 55.51 | P13: 38.9 | Q13: 161.96 | R13: 162.13 | S13: AMIRUN | U13: Full Rim | V13: =VLOOKUP(C:C,'1-7 AUG'!C:C,1,0) -> #N/A
A14: 219197 | B14: IRJ127B2C0001470 | C14: 219197.IRJ127B2C0001470 | D14: 120 | E14: 111 | F14: 7 | G14: 0.063 | H14: BIG | I14: 1.4 | J14: 52.55 | K14: 32.21 | L14: 143.76 | M14: 143.76 | O14: 52.45 | P14: 32.1 | Q14: 143.35 | R14: 143.36 | S14: AMIRUN | U14: Half Rim | V14: =VLOOKUP(C:C,'1-7 AUG'!C:C,1,0) -> #N/A
A15: 239173 | B15: GLS-20260505-1 | C15: 239173.GLS-20260505-1 | D15: 77 | E15: 73 | F15: 7 | G15: 0.096 | H15: BIG | I15: 8 | J15: 52.66 | K15: 38.07 | L15: 151.95 | M15: 151.95 | O15: 52.62 | P15: 38.04 | Q15: 151.95 | R15: 151.95 | S15: AMIRUN | U15: Full Rim | V15: =VLOOKUP(C:C,'1-7 AUG'!C:C,1,0) -> #N/A
A16: 241120 | B16: IRJ127B2C0001370 | C16: 241120.IRJ127B2C0001370 | D16: 68 | E16: 64 | F16: 7 | G16: 0.109 | H16: BIG | I16: 9 | J16: 56 | K16: 39.42 | L16: 163.99 | M16: 164.11 | O16: 55.89 | P16: 39.2 | Q16: 163.43 | R16: 163.36 | S16: AMIRUN | U16: Full Rim | V16: =VLOOKUP(C:C,'1-7 AUG'!C:C,1,0) -> #N/A
... A27: 236092 | B27: IHR127B2C0001163 | C27: 236092.IHR127B2C0001163 | D27: 77 | E27: 74 | F27: 6 | G27: 0.081 | H27: BIG | I27: 10.8 | J27: 50.34 | K27: 43.02 | L27: 151.92 | M27: 151.92 | O27: 50.14 | P27: 42.9 | Q27: 151.41 | R27: 151.18 | S27: AMIRUN | U27: Full Rim | V27: =VLOOKUP(C:C,'1-7 AUG'!C:C,1,0) -> #N/A
A28: 229215 | B28: HV26552F | C28: 229215.HV26552F | D28: 63 | E28: 66 | F28: 6 | G28: 0.091 | H28: SCRATCH | I28: 8.9 | U28: Rimless | V28: =VLOOKUP(C:C,'1-7 AUG'!C:C,1,0) -> #N/A
A29: 218967 | B29: IRJ127B2C0001349 | C29: 218967.IRJ127B2C0001349 | D29: 48 | E29: 46 | F29: 6 | G29: 0.13 | H29: BIG | I29: 4.3 | J29: 50.52 | K29: 38.15 | L29: 141.47 | M29: 141.42 | O29: 50.3 | P29: 37.95 | Q29: 140.84 | R29: 140.8 | S29: AMIRUN | U29: Full Rim | V29: =VLOOKUP(C:C,'1-7 AUG'!C:C,1,0) -> #N/A
A30: 241113 | B30: IRJ127B2C0001385 | C30: 241113.IRJ127B2C0001385 | D30: 38 | E30: 37 | F30: 6 | G30: 0.162 | H30: BIG | I30: 13.2 | J30: 54.51 | K30: 37.86 | L30: 152.87 | M30: 152.78 | O30: 54.3 | P30: 37.59 | Q30: 152.15 | R30: 152.75 | S30: AMIRUN | U30: Full Rim | V30: =VLOOKUP(C:C,'1-7 AUG'!C:C,1,0) -> #N/A
A31: 241119 | B31: IRJ127B2C0001558 | C31: 241119.IRJ127B2C0001558 | D31: 37 | E31: 36 | F31: 6 | G31: 0.167 | H31: BIG | I31: 10.5 | J31: 56.5 | K31: 38.55 | L31: 164.35 | M31: 164.51 | O31: 56.3 | P31: 38.41 | Q31: 162.74 | R31: 162.9 | S31: AMIRUN | U31: Full Rim | V31: =VLOOKUP(C:C,'1-7 AUG'!C:C,1,0) -> #N/A
A32: 234780 | B32: IRJ127B2C0001226 | C32: 234780.IRJ127B2C0001226 | D32: 97 | E32: 88 | F32: 5 | G32: 0.057 | H32: BIG | I32: 4.3 | J32: 50.32 | K32: 43.91 | L32: 154.94 | M32: 155.44 | O32: 50.19 | P32: 43.7 | Q32: 154.33 | R32: 154.45 | S32: AMIRUN | U32: Full Rim | V32: =VLOOKUP(C:C,'1-7 AUG'!C:C,1,0) -> #N/A
A33: 207551 | B33: FKS26182C | C33: 207551.FKS26182C | D33: 81 | E33: 81 | F33: 5 | G33: 0.062 | H33: BIG | I33: 4.9 | J33: 56.79 | K33: 37.44 | L33: 159.86 | M33: 159.82 | O33: 56.59 | P33: 37.2 | Q33: 159.13 | R33: 159.13 | S33: AMIRUN | U33: Full Rim | V33: =VLOOKUP(C:C,'1-7 AUG'!C:C,1,0) -> #N/A
A34: 238534 | B34: GLS-20260530 | C34: 238534.GLS-20260530 | D34: 53 | E34: 52 | F34: 5 | G34: 0.096 | H34: BIG | I34: 6.7 | J34: 51.19 | K34: 36.84 | L34: 148.52 | M34: 148.65 | O34: 51.12 | P34: 36.76 | Q34: 148.48 | R34: 148.62 | S34: ADITI | U34: Full Rim | V34: =VLOOKUP(C:C,'1-7 AUG'!C:C,1,0) -> #N/A
A35: 215983 | B35: CL2026014B | C35: 215983.CL2026014B | D35: 52 | E35: 51 | F35: 5 | G35: 0.098 | H35: CHIP | I35: 7.14 | S35: ADITI | U35: Full Rim | V35: =VLOOKUP(C:C,'1-7 AUG'!C:C,1,0) -> #N/A
A36: 236983 | B36: AS-6142598 | C36: 236983.AS-6142598 | D36: 56 | E36: 51 | F36: 5 | G36: 0.098 | H36: BIG | I36: 6.1 | J36: 55.37 | K36: 34.62 | L36: 153.78 | M36: 153.78 | O36: 55.31 | P36: 34.58 | Q36: 153.65 | R36: 153.65 | S36: ADITI | U36: Full Rim | V36: =VLOOKUP(C:C,'1-7 AUG'!C:C,1,0) -> #N/A
A37: 149278 | B37: 26WLS-314I | C37: 149278.26WLS-314I | D37: 47 | E37: 47 | F37: 5 | G37: 0.106 | H37: BIG | I37: 10.3 | J37: 49.42 | K37: 43.2 | L37: 149.21 | M37: 148.65 | O37: 49.13 | P37: 43.08 | Q37: 148.6 | R37: 148.69 | S37: ADITI | U37: Full Rim | V37: =VLOOKUP(C:C,'1-7 AUG'!C:C,1,0) -> #N/A
A38: 242911 | B38: 26L172C | C38: 242911.26L172C | D38: 46 | E38: 45 | F38: 5 | G38: 0.111 | H38: BIG | I38: 5.9 | J38: 58.19 | K38: 47.02 | L38: 173.88 | M38: 173.99 | O38: 58.13 | P38: 46.98 | Q38: 173.71 | R38: 173.71 | S38: ADITI | U38: Full Rim | V38: =VLOOKUP(C:C,'1-7 AUG'!C:C,1,0) -> #N/A
A39: 207671 | B39: IN26048E | C39: 207671.IN26048E | D39: 57 | E39: 44 | F39: 5 | G39: 0.114 | H39: BIG | I39: 1.7 | J39: DO NOT CORRECT THIS PID AT ANY INVOICE | S39: ADITI | T39: DO NOT CORRECT THIS PID AT ANY INVOICE | U39: Full Rim | V39: =VLOOKUP(C:C,'1-7 AUG'!C:C,1,0) -> #N/A
A40: 235299 | B40: 26L049B | C40: 235299.26L049B | D40: 44 | E40: 44 | F40: 5 | G40: 0.114 | H40: SMALL(sIZE VARIATION BY ESPRESSO | I40: 6 | J40: 51.05 | K40: 40.93 | L40: 155.49 | M40: 155.52 | O40: 51.14 | P40: 40.96 | Q40: 155.27 | R40: 155.43 | S40: ADITI | U40: Full Rim | V40: =VLOOKUP(C:C,'1-7 AUG'!C:C,1,0) -> #N/A
A41: 241117 | B41: IRJ127B2C0001436 | C41: 241117.IRJ127B2C0001436 | D41: 31 | E41: 33 | F41: 5 | G41: 0.152 | H41: BIG | I41: 6.7 | J41: 54.82 | K41: 36.63 | L41: 154.39 | M41: 155.16 | O41: 54.57 | P41: 35.87 | Q41: 154.1 | R41: 153.37 | S41: ADITI | U41: Full Rim | V41: =VLOOKUP(C:C,'1-7 AUG'!C:C,1,0) -> #N/A

Sheet 29JULY-3AUG 
A1: FRAME PID | B1: INVOICE | C1: PID.INVOICE | D1: Total Items | E1: QC Done (DOT) | F1: MEI Fail (DOT) | G1: MEI Fail % (DOT) | H1: ISSUE | I1: PERCENTAGE | J1: A | K1: B | L1: CIRC R | M1: CIRC L | N1: AFTER | O1: A1 | P1: B1 | Q1: CIRC R1 | R1: CIRC L1 | S1: DONE BY | T1: REMARK | U1: Frame Type
A2: 241079 | B2: IRJ127B2C0001331 | C2: 241079.IRJ127B2C0001331 | D2: 16 | E2: 13 | F2: 12 | G2: 0.923 | H2: SMALL | I2: 0.154 | J2: 53.51 | K2: 48.64 | L2: 163.13 | M2: 163.4 | O2: 53.58 | P2: 48.89 | Q2: 163.34 | R2: 163.38 | S2: ADITI | U2: Full Rim | V2: =VLOOKUP(C:C,'1-7 AUG'!C:C,1,0) -> #N/A
A3: 207671 | B3: IHR127B2C0002736 | C3: 207671.IHR127B2C0002736 | D3: 19 | E3: 10 | F3: 8 | G3: 0.8 | H3: BIG | I3: 0.273 | J3: UNDER OBSERVATION BY IQC | S3: ADITI | U3: Full Rim | V3: =VLOOKUP(C:C,'1-7 AUG'!C:C,1,0) -> #N/A
A4: 225341 | B4: IRJ127B2C0001780 | C4: 225341.IRJ127B2C0001780 | D4: 44 | E4: 38 | F4: 23 | G4: 0.605 | H4: BIG | I4: 0.316 | J4: 50.42 | K4: 37.83 | L4: 140.18 | M4: 140.56 | O4: 49.97 | P4: 37.77 | Q4: 140.01 | R4: 139.51 | S4: ADITI | U4: Full Rim | V4: =VLOOKUP(C:C,'1-7 AUG'!C:C,1,0) -> #N/A
A5: 242206 | B5: 26WLS-310C | C5: 242206.26WLS-310C | D5: 54 | E5: 46 | F5: 25 | G5: 0.543 | H5: BIG | I5: 0.283 | J5: 56.5 | K5: 36.3 | L5: 157.52 | M5: 156.69 | O5: 56.4 | P5: 36.11 | Q5: 157.35 | R5: 156.39 | S5: ADITI | U5: Full Rim | V5: =VLOOKUP(C:C,'1-7 AUG'!C:C,1,0) -> #N/A
A6: 239839 | B6: CIN-000001218048 | C6: 239839.CIN-000001218048 | D6: 24 | E6: 23 | F6: 10 | G6: 0.435 | H6: BIG | I6: 0.348 | J6: 53.68 | K6: 35.89 | L6: 153.48 | M6: 153.4 | O6: 53.57 | P6: 35.81 | Q6: 153.42 | R6: 153.07 | S6: ADITI | U6: Full Rim | V6: =VLOOKUP(C:C,'1-7 AUG'!C:C,1,0) -> #N/A
A7: 225336 | B7: IRJ127B2C0000270 | C7: 225336.IRJ127B2C0000270 | D7: 59 | E7: 54 | F7: 20 | G7: 0.37 | H7: BIG | I7: 0.037 | J7: 47.42 | K7: 41.65 | L7: 144.62 | M7: 144.62 | O7: 47.36 | P7: 41.58 | Q7: 144.41 | R7: 144.41 | S7: ADITI | U7: Full Rim | V7: =VLOOKUP(C:C,'1-7 AUG'!C:C,1,0) -> #N/A
A8: 239999 | B8: IN026062202D | C8: 239999.IN026062202D | D8: 43 | E8: 41 | F8: 14 | G8: 0.341 | H8: SMALL | I8: 0.028 | J8: 56.26 | K8: 45.03 | L8: 169.17 | M8: 169.17 | O8: 56.32 | P8: 45.08 | Q8: 169.4 | R8: 169.4 | S8: ADITI | U8: Full Rim | V8: =VLOOKUP(C:C,'1-7 AUG'!C:C,1,0) -> #N/A
A9: 238757 | B9: 26WLS-313B | C9: 238757.26WLS-313B | D9: 28 | E9: 28 | F9: 9 | G9: 0.321 | H9: BIG | I9: 0.107 | J9: 54.46 | K9: 39.25 | L9: 156.4 | M9: 156.54 | O9: 54.06 | P9: 39.13 | Q9: 155.65 | R9: 155.47 | S9: ADITI | U9: Full Rim | V9: =VLOOKUP(C:C,'1-7 AUG'!C:C,1,0) -> #N/A
A10: 239839 | B10: CIN-000001093608 | C10: 239839.CIN-000001093608 | D10: 43 | E10: 34 | F10: 10 | G10: 0.294 | H10: SMALL | I10: 0.157 | J10: 53.62 | K10: 36.13 | L10: 153.91 | M10: 153.91 | O10: 53.71 | P10: 36.21 | Q10: 154.17 | R10: 154.17 | S10: ADITI | U10: Full Rim | V10: =VLOOKUP(C:C,'1-7 AUG'!C:C,1,0) -> #N/A
A11: 246233 | B11: LSK26060502-A12 | C11: 246233.LSK26060502-A12 | D11: 98 | E11: 91 | F11: 23 | G11: 0.253 | H11: SMALL | I11: 0.131 | J11: 53.96 | K11: 37.98 | L11: 154.51 | M11: 154.59 | O11: 54.04 | P11: 38.13 | Q11: 154.75 | R11: 154.46 | S11: ADITI | U11: Full Rim | V11: =VLOOKUP(C:C,'1-7 AUG'!C:C,1,0) -> #N/A
A12: 234769 | B12: IRJ127B2C0001392 | C12: 234769.IRJ127B2C0001392 | D12: 126 | E12: 111 | F12: 26 | G12: 0.234 | H12: SMALL | I12: 0.102 | J12: 55.5 | K12: 39.45 | L12: 161.67 | M12: 161.82 | O12: 55.6 | P12: 39.51 | Q12: 161.76 | R12: 162.08 | S12: ADITI | U12: Full Rim | V12: =VLOOKUP(C:C,'1-7 AUG'!C:C,1,0) -> #N/A
A13: 227035 | B13: 26Y079 | C13: 227035.26Y079 | D13: 115 | E13: 114 | F13: 25 | G13: 0.219 | I13: 0 | J13: UNDER OBSERVATION | S13: ADITI | U13: Full Rim | V13: =VLOOKUP(C:C,'1-7 AUG'!C:C,1,0) -> #N/A
A14: 241119 | B14: IRJ127B2C0001558 | C14: 241119.IRJ127B2C0001558 | D14: 67 | E14: 55 | F14: 12 | G14: 0.218 | H14: BIG | I14: 0.164 | J14: 55.9 | K14: 38.81 | L14: 162.74 | M14: 162.9 | O14: 56.3 | P14: 38.41 | Q14: 162.74 | R14: 162.95 | S14: ADITI | U14: Full Rim | V14: =VLOOKUP(C:C,'1-7 AUG'!C:C,1,0) -> #N/A
A15: 234804 | B15: IRJ127B2C0001660 | C15: 234804.IRJ127B2C0001660 | D15: 166 | E15: 163 | F15: 35 | G15: 0.215 | H15: SMALL | I15: 0.028 | J15: 50.36 | K15: 42.22 | L15: 150.28 | M15: 150.23 | O15: 50.49 | P15: 42.27 | Q15: 150.37 | R15: 150.52 | S15: ADITI | U15: Full Rim | V15: =VLOOKUP(C:C,'1-7 AUG'!C:C,1,0) -> #N/A
A16: 241117 | B16: IRJ127B2C0001436 | C16: 241117.IRJ127B2C0001436 | D16: 51 | E16: 51 | F16: 10 | G16: 0.196 | H16: BIG | I16: 0.157 | J16: 54.57 | K16: 35.87 | L16: 154.1 | M16: 153.37 | O16: 54.49 | P16: 35.79 | Q16: 153.83 | R16: 153.1 | S16: ADITI | U16: Full Rim | V16: =VLOOKUP(C:C,'1-7 AUG'!C:C,1,0) -> #N/A
A17: 247071 | B17: IRJ127B2C0001379 | C17: 247071.IRJ127B2C0001379 | D17: 114 | E17: 107 | F17: 18 | G17: 0.168 | H17: BIG | I17: 0.131 | J17: 53.35 | K17: 42.43 | L17: 157.89 | M17: 157.68 | O17: 53.28 | P17: 42.36 | Q17: 157.69 | R17: 157.54 | S17: ADITI | U17: Full Rim | V17: =VLOOKUP(C:C,'1-7 AUG'!C:C,1,0) -> #N/A
A18: 246235 | B18: LSK26070201-A3 | C18: 246235.LSK26070201-A3 | D18: 53 | E18: 49 | F18: 8 | G18: 0.163 | H18: BIG | I18: 0.102 | J18: 52.66 | K18: 45.31 | L18: 159 | M18: 160.44 | O18: 52.59 | P18: 45.27 | Q18: 158.76 | R18: 158.76 | S18: ADITI | U18: Full Rim | V18: =VLOOKUP(C:C,'1-7 AUG'!C:C,1,0) -> #N/A
A19: 246232 | B19: LSK26060502-A12 | C19: 246232.LSK26060502-A12 | D19: 61 | E19: 55 | F19: 8 | G19: 0.145 | H19: SMALL | I19: 0.083 | J19: 53.85 | K19: 35.89 | L19: 151.71 | M19: 151.71 | O19: 53.91 | P19: 36.08 | Q19: 151.86 | R19: 151.78 | S19: ADITI | U19: Full Rim | V19: =VLOOKUP(C:C,'1-7 AUG'!C:C,1,0) -> #N/A
A20: 219545 | B20: FKS26200O | C20: 219545.FKS26200O | D20: 77 | E20: 63 | F20: 9 | G20: 0.143 | H20: BIG | I20: 0.095 | J20: 51.3 | K20: 30.95 | L20: 140.3 | M20: 140.88 | O20: 51.08 | P20: 30.85 | Q20: 140.13 | R20: 140.45 | S20: ADITI | U20: Full Rim | V20: =VLOOKUP(C:C,'1-7 AUG'!C:C,1,0) -> #N/A
A21: 146653 | B21: F2604A | C21: 146653.F2604A | D21: 195 | E21: 186 | F21: 26 | G21: 0.14 | H21: BIG | I21: 0.027 | J21: 50.79 | K21: 36.29 | L21: 146.39 | M21: 146.92 | O21: 50.53 | P21: 36.27 | Q21: 146.39 | R21: 146.43 | S21: ADITI | U21: Full Rim | V21: =VLOOKUP(C:C,'1-7 AUG'!C:C,1,0) -> #N/A
A22: 246227 | B22: LSK26070801-A3 | C22: 246227.LSK26070801-A3 | D22: 229 | E22: 216 | F22: 26 | G22: 0.12 | H22: BIG | I22: 0.074 | J22: 53.85 | K22: 41.25 | L22: 161.97 | M22: 162.45 | O22: 53.6 | P22: 40.91 | Q22: 161.96 | R22: 161.34 | S22: ADITI | U22: Full Rim | V22: =VLOOKUP(C:C,'1-7 AUG'!C:C,1,0) -> #N/A
A23: 148524 | B23: FKS26186J | C23: 148524.FKS26186J | D23: 74 | E23: 67 | F23: 8 | G23: 0.119 | H23: BIG | I23: 0.075 | J23: 53.01 | K23: 36.62 | L23: 153.75 | M23: 153.86 | O23: 52.97 | P23: 36.3 | Q23: 153.49 | R23: 153.06 | S23: ADITI | U23: Full Rim | V23: =VLOOKUP(C:C,'1-7 AUG'!C:C,1,0) -> #N/A
A24: 221282 | B24: LSK26062202-A3 | C24: 221282.LSK26062202-A3 | D24: 99 | E24: 84 | F24: 10 | G24: 0.119 | H24: BIG | I24: 0.083 | J24: 54.64 | K24: 42.05 | L24: 162.19 | M24: 162.1 | O24: 54.57 | P24: 41.91 | Q24: 162.05 | R24: 161.76 | S24: ADITI | U24: Full Rim | V24: =VLOOKUP(C:C,'1-7 AUG'!C:C,1,0) -> #N/A
A25: 241113 | B25: IRJ127B2C0001389 | C25: 241113.IRJ127B2C0001389 | D25: 132 | E25: 131 | F25: 15 | G25: 0.115 | H25: BIG | I25: 0.076 | J25: 54.43 | K25: 38.06 | L25: 152.84 | M25: 152.65 | O25: 54.39 | P25: 38 | Q25: 152.78 | R25: 152.58 | S25: ADITI | U25: Full Rim | V25: =VLOOKUP(C:C,'1-7 AUG'!C:C,1,0) -> #N/A
... A38: 147022 | B38: 26WLS-310I | C38: 147022.26WLS-310I | D38: 183 | E38: 177 | F38: 13 | G38: 0.073 | H38: BIG | I38: 0.056 | J38: 56.9 | K38: 46.05 | L38: 170.19 | M38: 170.39 | O38: 56.72 | P38: 45.7 | Q38: 169.52 | R38: 169.44 | S38: ADITI | U38: Full Rim | V38: =VLOOKUP(C:C,'1-7 AUG'!C:C,1,0) -> #N/A
A39: 146653 | B39: F2610C | C39: 146653.F2610C | D39: 291 | E39: 286 | F39: 21 | G39: 0.073 | I39: 0 | J39: UNDER OBSERVATION | S39: ADITI | U39: Full Rim | V39: =VLOOKUP(C:C,'1-7 AUG'!C:C,1,0) -> #N/A
A40: 220577 | B40: H2629 | C40: 220577.H2629 | D40: 166 | E40: 150 | F40: 11 | G40: 0.073 | H40: BIG | I40: 0.053 | J40: 53.91 | K40: 39.35 | L40: 156.23 | M40: 156.06 | O40: 53.86 | P40: 39.16 | Q40: 155.95 | R40: 155.95 | S40: ADITI | U40: Full Rim | V40: =VLOOKUP(C:C,'1-7 AUG'!C:C,1,0) -> #N/A
A41: 204392 | B41: LM2620B | C41: 204392.LM2620B | D41: 151 | E41: 149 | F41: 10 | G41: 0.067 | H41: SMALL | I41: 0.04 | J41: 44.37 | K41: 37.02 | L41: 130.73 | M41: 130.28 | O41: 44.22 | P41: 36.98 | Q41: 130.68 | R41: 130.02 | S41: ADITI | U41: Full Rim | V41: =VLOOKUP(C:C,'1-7 AUG'!C:C,1,0) -> #N/A
A42: 234791 | B42: IRJ127B2C0001397 | C42: 234791.IRJ127B2C0001397 | D42: 298 | E42: 295 | F42: 17 | G42: 0.058 | H42: BIG | I42: 0.034 | J42: 50.18 | K42: 43.29 | L42: 150.98 | M42: 150.94 | O42: 49.94 | P42: 42.98 | Q42: 150.54 | R42: 150.6 | S42: ADITI | U42: Full Rim | V42: =VLOOKUP(C:C,'1-7 AUG'!C:C,1,0) -> #N/A
A43: 151528 | B43: LSK26060502-A5 | C43: 151528.LSK26060502-A5 | D43: 190 | E43: 181 | F43: 10 | G43: 0.055 | H43: BIG | I43: 0.033 | J43: 51.83 | K43: 36.25 | L43: 149.79 | M43: 150.21 | O43: 51.78 | P43: 35.62 | Q43: 149.58 | R43: 149.02 | S43: ADITI | U43: Full Rim | V43: =VLOOKUP(C:C,'1-7 AUG'!C:C,1,0) -> #N/A
A44: 243271 | B44: LSK26060502-A8 | C44: 243271.LSK26060502-A8 | D44: 240 | E44: 222 | F44: 12 | G44: 0.054 | H44: BIG | I44: 0.041 | J44: 53.26 | K44: 39.68 | L44: 155.47 | M44: 155.56 | O44: 53.18 | P44: 39.6 | Q44: 155.18 | R44: 155.32 | S44: ADITI | U44: Full Rim | V44: =VLOOKUP(C:C,'1-7 AUG'!C:C,1,0) -> 243271.LSK26060502-A8
A45: 227606 | B45: 26Y105 | C45: 227606.26Y105 | D45: 529 | E45: 500 | F45: 27 | G45: 0.054 | H45: BIG | I45: 0.04 | J45: 51.45 | K45: 34.45 | L45: 148.35 | M45: 148.05 | O45: 51.3 | P45: 34.4 | Q45: 148.01 | R45: 147.94 | S45: ADITI | U45: Full Rim | V45: =VLOOKUP(C:C,'1-7 AUG'!C:C,1,0) -> #N/A
A46: 219754 | B46: FKS26187B | C46: 219754.FKS26187B | D46: 219 | E46: 209 | F46: 11 | G46: 0.053 | I46: 0 | J46: UNDER OBSERVATION | S46: ADITI | U46: Full Rim | V46: =VLOOKUP(C:C,'1-7 AUG'!C:C,1,0) -> #N/A
A47: 245902 | B47: FKS26210E | C47: 245902.FKS26210E | D47: 185 | E47: 177 | F47: 9 | G47: 0.051 | H47: BIG | I47: 0.028 | J47: 56.55 | K47: 43.33 | L47: 165.81 | M47: 166.07 | O47: 56.4 | P47: 43.12 | Q47: 165.5 | R47: 165.7 | S47: ADITI | U47: Full Rim | V47: =VLOOKUP(C:C,'1-7 AUG'!C:C,1,0) -> 245902.FKS26210E
A48: 46245.542 | C48: 236092.IHR127B2C0003142 | H48: SMALL | I48: 49.58 | J48: 49.58 | K48: 41.95 | L48: 148.89 | M48: 148.89 | O48: 50.05 | P48: 42.56 | Q48: 150.89 | R48: 151.06

Sheet 1-7 AUG
A1: CT63069 | B1: invoice | C1: Column1 | D1: Total Items | E1: Dot Invoice % | F1: QC Done (DOT) | G1: MEI Fail (DOT) | H1: MEI Fail % (DOT) | I1: First frame_type | J1: status
A2: 204392 | B2: LM2620 | C2: 204392.LM2620 | D2: 101 | E2: 0.6 | F2: 93 | G2: 10 | H2: 0.108 | I2: DONE | J2: DONE
A3: 241119 | B3: IRJ127B2C0001561 | C3: 241119.IRJ127B2C0001561 | D3: 69 | E3: 0.43 | F3: 59 | G3: 10 | H3: 0.169 | I3: Full Rim | J3: DONE
A4: 147021 | B4: 26WLS-310J | C4: 147021.26WLS-310J | D4: 128 | E4: 0.55 | F4: 114 | G4: 9 | H4: 0.079 | I4: Full Rim | J4: DONE
A5: 244798 | B5: 26WLS-331B | C5: 244798.26WLS-331B | D5: 6 | E5: 1 | F5: 5 | G5: 5 | H5: 1 | J5: DONE
A6: 227571 | B6: 26Y079 | C6: 227571.26Y079 | D6: 43 | E6: 1 | F6: 32 | G6: 8 | H6: 0.25 | I6: Full Rim | J6: DONE
A7: 239021 | B7: FKS26212 | C7: 239021.FKS26212 | D7: 263 | E7: 0.79 | F7: 245 | G7: 8 | H7: 0.033 | I7: Full Rim | J7: DONE
A8: 234804 | B8: IRJ127B2C0001870 | C8: 234804.IRJ127B2C0001870 | D8: 6 | E8: 0.08 | F8: 5 | G8: 4 | H8: 0.8 | I8: Full Rim | J8: DONE
A9: 134951 | B9: IN026051203E | C9: 134951.IN026051203E | D9: 22 | E9: 0.85 | F9: 20 | G9: 7 | H9: 0.35 | I9: Full Rim | J9: DONE
A10: 237932 | B10: IRJ127B2C0000347 | C10: 237932.IRJ127B2C0000347 | D10: 27 | E10: 0.29 | F10: 17 | G10: 7 | H10: 0.412 | I10: Full Rim | J10: Done
A11: 219952 | B11: SLK260408B | C11: 219952.SLK260408B | D11: 27 | E11: 0.19 | F11: 22 | G11: 5 | H11: 0.227 | I11: Full Rim | J11: DONE | K11: =VLOOKUP(C:C,'Tracing New Correction'!D80:D113,1,0) -> 219952.SLK260408B
A12: 241075 | B12: IRJ127B2C0001561 | C12: 241075.IRJ127B2C0001561 | D12: 42 | E12: 0.89 | F12: 36 | G12: 8 | H12: 0.222 | I12: Full Rim | J12: DONE | K12: =VLOOKUP(C:C,'Tracing New Correction'!D81:D114,1,0) -> 241075.IRJ127B2C0001561
A13: 245621 | B13: FKS26200I | C13: 245621.FKS26200I | D13: 26 | E13: 0.58 | F13: 26 | G13: 4 | H13: 0.154 | J13: DONE
A14: 241854 | B14: IN26047E | C14: 241854.IN26047E | D14: 85 | E14: 0.56 | F14: 71 | G14: 7 | H14: 0.099 | I14: Full Rim | J14: DONE
A15: 207551 | B15: FKS26182E | C15: 207551.FKS26182E | D15: 46 | E15: 0.51 | F15: 41 | G15: 6 | H15: 0.146 | I15: Full Rim | J15: DONE
A16: 217644 | B16: FKS26184A | C16: 217644.FKS26184A | D16: 147 | E16: 0.38 | F16: 123 | G16: 6 | H16: 0.049 | I16: Full Rim | J16: DONE
A17: 148908 | B17: 26WLS-313A | C17: 148908.26WLS-313A | D17: 71 | E17: 1 | F17: 62 | G17: 5 | H17: 0.081 | I17: Full Rim | J17: DONE
A18: 208951 | B18: IHR127B2C0002848 | C18: 208951.IHR127B2C0002848 | D18: 204 | E18: 0.24 | F18: 194 | G18: 5 | H18: 0.026 | I18: Full Rim | J18: NO ISSUE
A19: 246226 | B19: LSK26071201-A4 | C19: =A19&"."&B19 -> 246226.LSK26071201-A4 | D19: 35 | E19: 0.7 | F19: 29 | G19: 4 | H19: 0.138 | J19: SHAPE NOT FOUND
A20: 218967 | B20: IRJ127B2C0001055 | C20: 218967.IRJ127B2C0001055 | D20: 40 | E20: 0.62 | F20: 36 | G20: 4 | H20: 0.111 | I20: Full Rim | J20: DONE
A21: 236356 | B21: 263080-H | C21: 236356.263080-H | D21: 40 | E21: 0.63 | F21: 37 | G21: 4 | H21: 0.108 | I21: Half Rim | J21: #N/A
A22: 137971 | B22: FKS26228F | C22: 137971.FKS26228F | D22: 36 | E22: 0.17 | F22: 38 | G22: 4 | H22: 0.105 | I22: Full Rim | J22: #N/A
A23: 147021 | B23: 26WLS-309L | C23: 147021.26WLS-309L | D23: 83 | E23: 0.36 | F23: 71 | G23: 7 | H23: 0.099 | I23: Full Rim | J23: #N/A
A24: 241094 | B24: IRJ127B2C0001530 | C24: 241094.IRJ127B2C0001530 | D24: 74 | E24: 0.97 | F24: 70 | G24: 5 | H24: 0.071 | I24: Full Rim | J24: #N/A
A25: 210178 | B25: FKS26169 | C25: 210178.FKS26169 | D25: 24 | E25: 0.26 | F25: 24 | G25: 4 | H25: 0.167 | I25: Full Rim | J25: DONE
A26: 210433 | B26: FKS26205K | C26: 210433.FKS26205K | D26: 98 | E26: 0.25 | F26: 66 | G26: 4 | H26: 0.061 | I26: Full Rim | J26: DONE
A27: 217873 | B27: 263058-G | C27: 217873.263058-G | D27: 65 | E27: 0.96 | F27: 56 | G27: 4 | H27: 0.071 | I27: Full Rim | J27: #N/A
A28: 245902 | B28: FKS26210E | C28: 245902.FKS26210E | D28: 67 | E28: 1 | F28: 60 | G28: 4 | H28: 0.067 | J28: DONE
A29: 137971 | B29: FKS26228H | C29: 137971.FKS26228H | D29: 108 | E29: 0.5 | F29: 110 | G29: 7 | H29: 0.064 | I29: Full Rim | J29: #N/A
A30: 241113 | B30: IRJ127B2C0001336 | C30: 241113.IRJ127B2C0001336 | D30: 93 | E30: 0.83 | F30: 81 | G30: 5 | H30: 0.062 | I30: Full Rim | J30: #N/A
A31: 243169 | B31: IN26032B | C31: 243169.IN26032B | D31: 76 | E31: 1 | F31: 66 | G31: 4 | H31: 0.061 | I31: Full Rim | J31: #N/A
A32: 221176 | B32: FKS26237 | C32: 221176.FKS26237 | D32: 168 | E32: 0.71 | F32: 157 | G32: 9 | H32: 0.057 | I32: Full Rim | J32: #N/A
A33: 219826 | B33: LSK26062202-A12 | C33: 219826.LSK26062202-A12 | D33: 162 | E33: 0.36 | F33: 150 | G33: 7 | H33: 0.047 | I33: Full Rim | J33: #N/A
A34: 239026 | B34: FKS26198D | C34: 239026.FKS26198D | D34: 93 | E34: 0.74 | F34: 89 | G34: 4 | H34: 0.045 | I34: Full Rim | J34: #N/A
A35: 243271 | B35: LSK26060502-A8 | C35: 243271.LSK26060502-A8 | D35: 96 | E35: 1 | F35: 88 | G35: 4 | H35: 0.045 | I35: Full Rim | J35: DONE
A36: 221172 | B36: FKS26230F | C36: 221172.FKS26230F | D36: 133 | E36: 0.89 | F36: 118 | G36: 4 | H36: 0.034 | I36: Full Rim | J36: #N/A
A37: 219830 | B37: LSK26070101-A5 | C37: 219830.LSK26070101-A5 | D37: 259 | E37: 0.63 | F37: 239 | G37: 5 | H37: 0.021 | I37: Full Rim | J37: DONE | K37: =VLOOKUP(C:C,'Tracing New Correction'!D106:D125,1,0) -> 219830.LSK26070101-A5

Sheet 2-8 aug 
A1: Column1 | B1: Total Items | C1: Dot Invoice % | D1: Vendor Invoice % | E1: Base Invoice % | F1: QC Done (DOT) | G1: MEI Fail (DOT) | H1: MEI Fail % (DOT) | I1: First frame_type | J1: check | K1: check | L1: check
A2: 149097.IN26050A | B2: 79 | C2: 0.22 | D2: 1 | F2: 76 | G2: 18 | H2: 0.24 | I2: Full Rim | J2: #N/A | K2: =VLOOKUP(A:A,'1-7 AUG'!C:C,1,0) -> #N/A | L2: =VLOOKUP(A:A,'Tracing New Correction'!D74:D125,1,0) -> #N/A
A3: 221176.FKS26237 | B3: 283 | C3: 0.38 | D3: 1 | F3: 284 | G3: 16 | H3: 0.06 | I3: Full Rim | J3: #N/A | K3: =VLOOKUP(A:A,'1-7 AUG'!C:C,1,0) -> 221176.FKS26237 | L3: =VLOOKUP(A:A,'Tracing New Correction'!D75:D125,1,0) -> 221176.FKS26237
A4: 243169.IN26032B | B4: 197 | C4: 1 | D4: 1 | F4: 184 | G4: 12 | H4: 0.07 | I4: Full Rim | J4: #N/A | K4: =VLOOKUP(A:A,'1-7 AUG'!C:C,1,0) -> 243169.IN26032B | L4: =VLOOKUP(A:A,'Tracing New Correction'!D76:D125,1,0) -> 243169.IN26032B
A5: 217873.263058-G | B5: 179 | C5: 0.7 | D5: 1 | F5: 173 | G5: 11 | H5: 0.06 | I5: Full Rim | J5: #N/A | K5: =VLOOKUP(A:A,'1-7 AUG'!C:C,1,0) -> 217873.263058-G | L5: =VLOOKUP(A:A,'Tracing New Correction'!D77:D125,1,0) -> 217873.263058-G
A6: 222900.IN026042503 | B6: 181 | C6: 1 | D6: 1 | F6: 175 | G6: 10 | H6: 0.06 | I6: Full Rim | J6: #N/A | K6: =VLOOKUP(A:A,'1-7 AUG'!C:C,1,0) -> #N/A | L6: =VLOOKUP(A:A,'Tracing New Correction'!D78:D125,1,0) -> 222900.IN026042503
A7: 241113.IRJ127B2C0001336 | B7: 182 | C7: 0.53 | D7: 1 | F7: 179 | G7: 10 | H7: 0.06 | I7: Full Rim | J7: #N/A | K7: =VLOOKUP(A:A,'1-7 AUG'!C:C,1,0) -> 241113.IRJ127B2C0001336 | L7: =VLOOKUP(A:A,'Tracing New Correction'!D79:D125,1,0) -> 241113.IRJ127B2C0001336
A8: 138420.26WLS-331K | B8: 60 | C8: 0.98 | D8: 1 | F8: 54 | G8: 9 | H8: 0.17 | I8: Full Rim | J8: #N/A | K8: =VLOOKUP(A:A,'1-7 AUG'!C:C,1,0) -> #N/A | L8: =VLOOKUP(A:A,'Tracing New Correction'!D80:D125,1,0) -> #N/A
A9: 207551.FKS26174C | B9: 148 | C9: 0.47 | D9: 1 | F9: 148 | G9: 9 | H9: 0.06 | I9: Full Rim | J9: #N/A | K9: =VLOOKUP(A:A,'1-7 AUG'!C:C,1,0) -> #N/A | L9: =VLOOKUP(A:A,'Tracing New Correction'!D81:D125,1,0) -> #N/A
A10: 211293.FKS26182E | B10: 184 | C10: 0.21 | D10: 1 | F10: 180 | G10: 9 | H10: 0.05 | I10: Full Rim | J10: #N/A | K10: =VLOOKUP(A:A,'1-7 AUG'!C:C,1,0) -> #N/A | L10: =VLOOKUP(A:A,'Tracing New Correction'!D82:D125,1,0) -> #N/A
A11: 219829.LSK26071201-A5 | B11: 97 | C11: 0.12 | D11: 1 | F11: 95 | G11: 9 | H11: 0.09 | I11: Full Rim | J11: #N/A | K11: =VLOOKUP(A:A,'1-7 AUG'!C:C,1,0) -> #N/A | L11: =VLOOKUP(A:A,'Tracing New Correction'!D83:D125,1,0) -> #N/A
A12: 225336.IRJ126B2C0001387 | B12: 45 | C12: 0.08 | D12: 1 | F12: 44 | G12: 9 | H12: 0.2 | I12: Full Rim | J12: #N/A | K12: =VLOOKUP(A:A,'1-7 AUG'!C:C,1,0) -> #N/A | L12: =VLOOKUP(A:A,'Tracing New Correction'!D84:D125,1,0) -> #N/A
A13: 237153.TOD-22973D | B13: 18 | C13: 0.24 | D13: 1 | F13: 15 | G13: 9 | H13: 0.6 | I13: Full Rim | J13: #N/A | K13: =VLOOKUP(A:A,'1-7 AUG'!C:C,1,0) -> #N/A | L13: =VLOOKUP(A:A,'Tracing New Correction'!D85:D125,1,0) -> #N/A
A14: 238757.26WLS-357A | B14: 40 | C14: 0.48 | D14: 1 | F14: 41 | G14: 9 | H14: 0.22 | I14: Full Rim | J14: #N/A | K14: =VLOOKUP(A:A,'1-7 AUG'!C:C,1,0) -> #N/A | L14: =VLOOKUP(A:A,'Tracing New Correction'!D86:D125,1,0) -> #N/A
A15: 241089.IRJ127B2C0001669 | B15: 121 | C15: 0.58 | D15: 1 | F15: 117 | G15: 9 | H15: 0.08 | I15: Full Rim | J15: #N/A | K15: =VLOOKUP(A:A,'1-7 AUG'!C:C,1,0) -> #N/A | L15: =VLOOKUP(A:A,'Tracing New Correction'!D87:D125,1,0) -> #N/A
A16: 241094.IRJ127B2C0001530 | B16: 142 | C16: 0.92 | D16: 1 | F16: 140 | G16: 8 | H16: 0.06 | I16: Full Rim | J16: #N/A | K16: =VLOOKUP(A:A,'1-7 AUG'!C:C,1,0) -> 241094.IRJ127B2C0001530 | L16: =VLOOKUP(A:A,'Tracing New Correction'!D88:D126,1,0) -> #N/A
A17: 243674.FKS26197M | B17: 55 | C17: 1 | D17: 1 | F17: 54 | G17: 8 | H17: 0.15 | I17: Full Rim | J17: #N/A | K17: =VLOOKUP(A:A,'1-7 AUG'!C:C,1,0) -> #N/A | L17: =VLOOKUP(A:A,'Tracing New Correction'!D89:D127,1,0) -> #N/A
A18: 246226.LSK26071201-A4 | B18: 94 | C18: 0.5 | D18: 1 | F18: 90 | G18: 8 | H18: 0.09 | I18: Full Rim | J18: #N/A | K18: =VLOOKUP(A:A,'1-7 AUG'!C:C,1,0) -> 246226.LSK26071201-A4 | L18: =VLOOKUP(A:A,'Tracing New Correction'!D90:D128,1,0) -> #N/A
A19: 135941.IN026060904 | B19: 128 | C19: 0.36 | D19: 1 | F19: 118 | G19: 7 | H19: 0.06 | I19: Full Rim | J19: #N/A | K19: =VLOOKUP(A:A,'1-7 AUG'!C:C,1,0) -> #N/A | L19: =VLOOKUP(A:A,'Tracing New Correction'!D91:D129,1,0) -> #N/A
A20: 223230.263080-C | B20: 50 | C20: 0.2 | D20: 1 | F20: 49 | G20: 7 | H20: 0.14 | I20: Full Rim | J20: #N/A | K20: =VLOOKUP(A:A,'1-7 AUG'!C:C,1,0) -> #N/A | L20: =VLOOKUP(A:A,'Tracing New Correction'!D92:D130,1,0) -> #N/A
A21: 238654.GLS-20260518-2 | B21: 51 | C21: 1 | D21: 1 | F21: 43 | G21: 7 | H21: 0.16 | I21: Full Rim | J21: #N/A | K21: =VLOOKUP(A:A,'1-7 AUG'!C:C,1,0) -> #N/A | L21: =VLOOKUP(A:A,'Tracing New Correction'!D93:D131,1,0) -> #N/A
A22: 241097.IRJ127B2C0001772 | B22: 123 | C22: 0.9 | D22: 1 | F22: 117 | G22: 7 | H22: 0.06 | I22: Full Rim | J22: #N/A | K22: =VLOOKUP(A:A,'1-7 AUG'!C:C,1,0) -> #N/A | L22: =VLOOKUP(A:A,'Tracing New Correction'!D94:D132,1,0) -> #N/A
A23: 137971.FKS26178C | B23: 113 | C23: 0.18 | D23: 1 | F23: 113 | G23: 6 | H23: 0.05 | I23: Full Rim | J23: #N/A | K23: =VLOOKUP(A:A,'1-7 AUG'!C:C,1,0) -> #N/A | L23: =VLOOKUP(A:A,'Tracing New Correction'!D95:D133,1,0) -> #N/A
A24: 137971.FKS26228F | B24: 87 | C24: 0.14 | D24: 1 | F24: 89 | G24: 6 | H24: 0.07 | I24: Full Rim | J24: #N/A | K24: =VLOOKUP(A:A,'1-7 AUG'!C:C,1,0) -> 137971.FKS26228F | L24: =VLOOKUP(A:A,'Tracing New Correction'!D96:D134,1,0) -> #N/A
A25: 208272.IHR127B2C0002454 | B25: 42 | C25: 0.03 | D25: 1 | F25: 42 | G25: 6 | H25: 0.14 | I25: Full Rim | J25: #N/A | K25: =VLOOKUP(A:A,'1-7 AUG'!C:C,1,0) -> #N/A | L25: =VLOOKUP(A:A,'Tracing New Correction'!D97:D135,1,0) -> #N/A
A26: 218966.IRJ127B2C0000783 | B26: 70 | C26: 0.28 | D26: 1 | F26: 68 | G26: 6 | H26: 0.09 | I26: Full Rim | J26: #N/A | K26: =VLOOKUP(A:A,'1-7 AUG'!C:C,1,0) -> #N/A | L26: =VLOOKUP(A:A,'Tracing New Correction'!D98:D136,1,0) -> #N/A
A27: 221176.FKS26218 | B27: 112 | C27: 0.15 | D27: 1 | F27: 105 | G27: 6 | H27: 0.06 | I27: Full Rim | J27: #N/A | K27: =VLOOKUP(A:A,'1-7 AUG'!C:C,1,0) -> #N/A | L27: =VLOOKUP(A:A,'Tracing New Correction'!D99:D136,1,0) -> #N/A
A28: 222271.26L150C | B28: 66 | C28: 0.07 | D28: 1 | F28: 62 | G28: 6 | H28: 0.1 | I28: Full Rim | J28: #N/A | K28: =VLOOKUP(A:A,'1-7 AUG'!C:C,1,0) -> #N/A | L28: =VLOOKUP(A:A,'Tracing New Correction'!D100:D137,1,0) -> #N/A
A29: 224484.H2632 | B29: 114 | C29: 0.64 | D29: 1 | F29: 111 | G29: 6 | H29: 0.05 | I29: Full Rim | J29: #N/A | K29: =VLOOKUP(A:A,'1-7 AUG'!C:C,1,0) -> #N/A | L29: =VLOOKUP(A:A,'Tracing New Correction'!D101:D138,1,0) -> #N/A
A30: 225336.IRJ127B2C000790 | B30: 64 | C30: 0.12 | D30: 1 | F30: 65 | G30: 6 | H30: 0.09 | I30: Full Rim | J30: #N/A | K30: =VLOOKUP(A:A,'1-7 AUG'!C:C,1,0) -> #N/A | L30: =VLOOKUP(A:A,'Tracing New Correction'!D102:D139,1,0) -> #N/A
A31: 238530.GLS-20260707-B | B31: 43 | C31: 0.91 | D31: 1 | F31: 43 | G31: 6 | H31: 0.14 | I31: Full Rim | J31: #N/A | K31: =VLOOKUP(A:A,'1-7 AUG'!C:C,1,0) -> #N/A | L31: =VLOOKUP(A:A,'Tracing New Correction'!D103:D140,1,0) -> #N/A
A32: 241106.IRJ127B2C0001944 | B32: 66 | C32: 0.55 | D32: 1 | F32: 64 | G32: 6 | H32: 0.09 | I32: Full Rim | J32: #N/A | K32: =VLOOKUP(A:A,'1-7 AUG'!C:C,1,0) -> #N/A | L32: =VLOOKUP(A:A,'Tracing New Correction'!D104:D141,1,0) -> #N/A
A33: 241117.IRJ127B2C0001450 | B33: 41 | C33: 0.19 | D33: 1 | F33: 39 | G33: 6 | H33: 0.15 | I33: Full Rim | J33: #N/A | K33: =VLOOKUP(A:A,'1-7 AUG'!C:C,1,0) -> #N/A | L33: =VLOOKUP(A:A,'Tracing New Correction'!D105:D142,1,0) -> #N/A
A34: 245975.IN026053002A | B34: 58 | C34: 0.73 | D34: 1 | F34: 56 | G34: 6 | H34: 0.11 | I34: Full Rim | J34: #N/A | K34: =VLOOKUP(A:A,'1-7 AUG'!C:C,1,0) -> #N/A | L34: =VLOOKUP(A:A,'Tracing New Correction'!D106:D143,1,0) -> #N/A
A35: 247070.IRJ127B2C0001431 | B35: 59 | C35: 0.66 | D35: 1 | F35: 56 | G35: 6 | H35: 0.11 | I35: Full Rim | J35: #N/A | K35: =VLOOKUP(A:A,'1-7 AUG'!C:C,1,0) -> #N/A | L35: =VLOOKUP(A:A,'Tracing New Correction'!D107:D144,1,0) -> #N/A
A36: 137971.FKS26174D | B36: 74 | C36: 0.12 | D36: 1 | F36: 78 | G36: 5 | H36: 0.06 | I36: Full Rim | J36: #N/A | K36: =VLOOKUP(A:A,'1-7 AUG'!C:C,1,0) -> #N/A | L36: =VLOOKUP(A:A,'Tracing New Correction'!D108:D145,1,0) -> #N/A
A37: 151154.26WLS-339J | B37: 77 | C37: 0.56 | D37: 1 | F37: 78 | G37: 5 | H37: 0.06 | I37: Full Rim | J37: #N/A | K37: =VLOOKUP(A:A,'1-7 AUG'!C:C,1,0) -> #N/A | L37: =VLOOKUP(A:A,'Tracing New Correction'!D109:D146,1,0) -> #N/A
A38: 210178.FKS26174C | B38: 47 | C38: 0.12 | D38: 1 | F38: 49 | G38: 5 | H38: 0.1 | I38: Full Rim | J38: #N/A | K38: =VLOOKUP(A:A,'1-7 AUG'!C:C,1,0) -> #N/A | L38: =VLOOKUP(A:A,'Tracing New Correction'!D110:D147,1,0) -> #N/A
... A45: 242716.IRJ127B2C0001359 | B45: 96 | C45: 0.7 | D45: 1 | F45: 92 | G45: 5 | H45: 0.05 | I45: Full Rim | J45: #N/A | K45: =VLOOKUP(A:A,'1-7 AUG'!C:C,1,0) -> #N/A | L45: =VLOOKUP(A:A,'Tracing New Correction'!D117:D154,1,0) -> #N/A
A46: 234804IRJ127B2C0001870 | I46: Full Rim | J46: SMALL | K46: =VLOOKUP(A:A,'1-7 AUG'!C:C,1,0) -> #N/A | L46: =VLOOKUP(A:A,'Tracing New Correction'!D118:D155,1,0) -> #N/A
A47: 234791BH-PAL30-2 | I47: Full Rim | J47: SMALL | K47: =VLOOKUP(A:A,'1-7 AUG'!C:C,1,0) -> #N/A | L47: =VLOOKUP(A:A,'Tracing New Correction'!D119:D156,1,0) -> #N/A

Sheet 7-14 Aug
A1: Column1 | B1: Total Items | C1: Dot Invoice % | D1: Vendor Invoice % | E1: Base Invoice % | F1: QC Done (DOT) | G1: MEI Fail (DOT) | H1: MEI Fail % (DOT) | I1: Frame type | J1: check | K1: Issue | L1: date | M1: Column2 | N1: status
A2: 207671.IHR127B2C0002736 | B2: 343 | C2: 0.05 | D2: 1 | F2: 300 | G2: 91 | H2: 0.303 | I2: Full Rim | J2: #N/A | K2: wrong shape | N2: DONE
A3: 246233.LSK26060502-A12 | B3: 398 | C3: 1 | D3: 1 | F3: 379 | G3: 59 | H3: 0.156 | I3: Full Rim | J3: #N/A | K3: BIG | L3: chip | M3: 5.2 b/9.59 c | N3: DONE
A4: 219754.FKS26187B | B4: 161 | C4: 0.31 | D4: 1 | F4: 151 | G4: 48 | H4: 0.318 | I4: Full Rim | J4: #N/A | K4: SMALL | L4: mixed inventory | M4: temple and tracing value are diff | N4: DONE
A5: 237153.TOD-22973D | B5: 36 | C5: 0.29 | D5: 1 | F5: 33 | G5: 25 | H5: 0.758 | I5: Full Rim | J5: #N/A | K5: SMALL | L5: small | M5: 74 | N5: DONE
A6: 208951.IHR127B2C0002904 | B6: 155 | C6: 0.08 | D6: 1 | F6: 155 | G6: 24 | H6: 0.155 | I6: Full Rim | J6: #N/A | K6: SMALL | L6: small | M6: 14 | N6: DONE
A7: 246240.LSK26072202-A3 | B7: 96 | C7: 0.9 | D7: 1 | F7: 87 | G7: 22 | H7: 0.253 | I7: Full Rim | J7: #N/A | K7: BIG | L7: TBC | N7: DONE
A8: 149097.IN26050A | B8: 169 | C8: 0.46 | D8: 1 | F8: 166 | G8: 20 | H8: 0.12 | I8: Full Rim | J8: #N/A | K8: BIG | L8: TBC | N8: DONE
A9: 241119.IRJ127B2C0001743 | B9: 105 | C9: 0.22 | D9: 1 | F9: 106 | G9: 19 | H9: 0.179 | I9: Full Rim | J9: #N/A | K9: BIG | L9: Big Size | N9: DONE
A10: 219823.LSK26070602-A4 | B10: 250 | C10: 0.29 | D10: 1 | F10: 248 | G10: 18 | H10: 0.073 | I10: Full Rim | J10: #N/A | K10: BIG | L10: chip | N10: DONE
A11: 238757.26WLS-357A | B11: 91 | C11: 0.61 | D11: 1 | F11: 89 | G11: 18 | H11: 0.202 | I11: Full Rim | J11: #N/A | K11: BIG | N11: DONE
A12: 137971.FKS26228F | B12: 218 | C12: 0.33 | D12: 1 | F12: 212 | G12: 17 | H12: 0.08 | I12: Full Rim | J12: #N/A | K12: BIG | N12: DONE
A13: 221282.LSK26072102-A11 | B13: 160 | C13: 0.52 | D13: 1 | F13: 157 | G13: 16 | H13: 0.102 | I13: Full Rim | J13: #N/A | K13: BIG | N13: DONE
A14: 224484.H2632 | B14: 190 | C14: 0.89 | D14: 1 | F14: 177 | G14: 16 | H14: 0.09 | I14: Full Rim | J14: #N/A | K14: BIG | N14: DONE
A15: 235432.263105-Q | B15: 207 | C15: 0.81 | D15: 1 | F15: 196 | G15: 15 | H15: 0.077 | I15: Full Rim | J15: #N/A | K15: BIG | N15: DONE
A16: 241119.IRJ127B2C0001488 | B16: 181 | C16: 0.39 | D16: 1 | F16: 177 | G16: 14 | H16: 0.079 | I16: Full Rim | J16: #N/A | K16: BIG | N16: DONE
A17: 138420.26WLS-331K | B17: 128 | C17: 1 | D17: 1 | F17: 127 | G17: 13 | H17: 0.102 | I17: Full Rim | J17: #N/A | K17: BIG | N17: DONE
A18: 241100.IRJ127B2C0001377 | B18: 134 | C18: 0.28 | D18: 1 | F18: 132 | G18: 13 | H18: 0.098 | I18: Full Rim | J18: #N/A | K18: BIG | N18: DONE
A19: 243674.FKS26197M | B19: 90 | C19: 1 | D19: 1 | F19: 85 | G19: 13 | H19: 0.153 | I19: Full Rim | J19: #N/A | K19: BIG | N19: DONE
A20: 246226.LSK26071201-A4 | B20: 175 | C20: 0.33 | D20: 1 | F20: 164 | G20: 13 | H20: 0.079 | I20: Full Rim | J20: #N/A | K20: BIG | N20: DONE
A21: 246232.LSK26060502-A12 | B21: 167 | C21: 0.86 | D21: 1 | F21: 163 | G21: 13 | H21: 0.08 | I21: Full Rim | J21: #N/A | K21: BIG | N21: DONE
A22: 246242.LSK26072102-A5 | B22: 145 | C22: 1 | D22: 1 | F22: 143 | G22: 13 | H22: 0.091 | I22: Full Rim | J22: #N/A | K22: SMALL | N22: DONE
... A66: 239183.26L049B | B66: 59 | C66: 0.5 | D66: 1 | F66: 53 | G66: 5 | H66: 0.094 | I66: Full Rim | J66: #N/A | K66: SMALL | N66: DONE
A67: 241078.IRJ127B2C0001769 | B67: 32 | C67: 0.33 | D67: 1 | F67: 32 | G67: 5 | H67: 0.156 | I67: Full Rim | J67: #N/A | K67: BIG
A68: 241079.IRJ127B2C0001382 | B68: 34 | C68: 0.2 | D68: 1 | F68: 36 | G68: 5 | H68: 0.139 | I68: Full Rim | J68: #N/A | K68: BIG
A69: 241079.IRJ127B2C0001399 | B69: 45 | C69: 0.26 | D69: 1 | F69: 42 | G69: 5 | H69: 0.119 | I69: Full Rim | J69: #N/A | K69: BIG
A70: 243673.FKS26222H | B70: 71 | C70: 1 | D70: 1 | F70: 68 | G70: 5 | H70: 0.074 | I70: Full Rim | J70: #N/A | K70: BIG
A71: 244794.26WLS-339O | B71: 88 | C71: 1 | D71: 1 | F71: 83 | G71: 5 | H71: 0.06 | I71: Full Rim | J71: #N/A | K71: BIG
A72: 247070.IRJ127B2C0001431 | B72: 41 | C72: 0.63 | D72: 1 | F72: 39 | G72: 5 | H72: 0.128 | I72: Full Rim | J72: #N/A | K72: BIG
A73: 241089.IRJ127B2C0001669 | B73: 59 | C73: 0.27 | D73: 1 | F73: 54 | G73: 6 | H73: 0.111 | I73: Full Rim | J73: #N/A | K73: BIG
A74: 242697.IRJ127B2C0001542 | B74: 44 | C74: 0.36 | D74: 1 | F74: 43 | G74: 6 | H74: 0.14 | I74: Full Rim | J74: #N/A | K74: BIG
A75: 247064.IRJ127B2C0001329 | B75: 56 | C75: 0.86 | D75: 1 | F75: 53 | G75: 6 | H75: 0.113 | I75: Full Rim | J75: #N/A | K75: BIG
A76: 247069.IRJ127B2C0001434 | B76: 61 | C76: 0.63 | D76: 1 | F76: 60 | G76: 6 | H76: 0.1 | I76: Full Rim | J76: #N/A | K76: BIG
A77: 134826.FKS26258S | B77: 97 | C77: 0.2 | D77: 1 | F77: 95 | G77: 5 | H77: 0.053 | I77: Full Rim | J77: #N/A | K77: BIG
A78: 217873.263058-G | B78: 81 | C78: 0.37 | D78: 1 | F78: 77 | G78: 5 | H78: 0.065 | I78: Full Rim | J78: 217873.263058-G | K78: 0
A79: 218967.IRJ127B2C0001805 | B79: 9 | C79: 0.03 | D79: 1 | F79: 9 | G79: 5 | H79: 0.556 | I79: Full Rim | J79: #N/A | K79: SMALL
A80: 225336.IRJ126B2C0001387 | B80: 38 | C80: 0.08 | D80: 1 | F80: 38 | G80: 5 | H80: 0.132 | I80: Full Rim | J80: #N/A | K80: SMALL
A81: 229215.HV26462 | B81: 93 | C81: 0.09 | D81: 1 | F81: 89 | G81: 5 | H81: 0.056 | I81: Rimless | J81: #N/A | K81: chip
A82: 234791.IRJ127B2C0002022 | B82: 80 | C82: 0.08 | D82: 1 | F82: 80 | G82: 5 | H82: 0.063 | I82: Full Rim | J82: #N/A | K82: SMALL
A83: 238757.26WLS-313B | B83: 25 | C83: 0.17 | D83: 1 | F83: 16 | G83: 5 | H83: 0.313 | I83: Full Rim | J83: #N/A | K83: SMALL
A84: 239183.26L049B | B84: 59 | C84: 0.5 | D84: 1 | F84: 53 | G84: 5 | H84: 0.094 | I84: Full Rim | J84: #N/A | K84: SMALL
A85: 241078.IRJ127B2C0001769 | B85: 32 | C85: 0.33 | D85: 1 | F85: 32 | G85: 5 | H85: 0.156 | I85: Full Rim | J85: #N/A | K85: BIG
A86: 241079.IRJ127B2C0001382 | B86: 34 | C86: 0.2 | D86: 1 | F86: 36 | G86: 5 | H86: 0.139 | I86: Full Rim | J86: #N/A | K86: BIG
A87: 241079.IRJ127B2C0001399 | B87: 45 | C87: 0.26 | D87: 1 | F87: 42 | G87: 5 | H87: 0.119 | I87: Full Rim | J87: #N/A | K87: BIG
A88: 242206.26WLS-310C | B88: 34 | C88: 0.5 | D88: 1 | F88: 27 | G88: 5 | H88: 0.185 | I88: Full Rim | J88: 242206.26WLS-310C | K88: 0
A89: 243673.FKS26222H | B89: 71 | C89: 1 | D89: 1 | F89: 68 | G89: 5 | H89: 0.074 | I89: Full Rim | J89: #N/A | K89: BIG
A90: 244794.26WLS-339O | B90: 88 | C90: 1 | D90: 1 | F90: 83 | G90: 5 | H90: 0.06 | I90: Full Rim | J90: #N/A | K90: BIG
A91: 247070.IRJ127B2C0001431 | B91: 41 | C91: 0.63 | D91: 1 | F91: 39 | G91: 5 | H91: 0.128 | I91: Full Rim | J91: #N/A | K91: BIG

Sheet 15-20 AUG
A1: PID | B1: INVOICE | C1: PID.INVOICE | D1: Total Items | E1: QC Done (DOT) | F1: MEI Fail (DOT) | G1: MEI Fail % (DOT) | H1: First frame_type | I1: CHECK | J1: ISSUE | K1: PERCENTAGE | L1: STATUS
A2: 239839 | B2: CIN-000001093608 | C2: 239839.CIN-000001093608 | D2: 21 | E2: 13 | F2: 7 | G2: 0.538 | H2: Full Rim | I2: #N/A | J2: BIG | K2: 0.4375 | L2: DONE
A3: 234769 | B3: IRJ127B2C0001978 | C3: 234769.IRJ127B2C0001978 | D3: 27 | E3: 27 | F3: 12 | G3: 0.444 | H3: Full Rim | I3: #N/A | J3: SMALL | K3: 0 | L3: DONE
A4: 236397 | B4: INSI-26-191496 | C4: 236397.INSI-26-191496 | D4: 11 | E4: 10 | F4: 4 | G4: 0.4 | H4: Full Rim | I4: #N/A | J4: BIG | K4: 0.0769 | L4: DONE
A5: 234765 | B5: IRJ127B2C0001017 | C5: 234765.IRJ127B2C0001017 | D5: 18 | E5: 17 | F5: 3 | G5: 0.176 | H5: Full Rim | I5: #N/A | J5: BIG | K5: 0.1379 | L5: DONE
A6: 219829 | B6: LSK26080101-A5 | C6: 219829.LSK26080101-A5 | D6: 26 | E6: 26 | F6: 3 | G6: 0.115 | H6: Full Rim | I6: #N/A | J6: BIG | K6: 0.0769 | L6: DONE
A7: 243841 | B7: FKS26217P | C7: 243841.FKS26217P | D7: 36 | E7: 35 | F7: 4 | G7: 0.114 | H7: Full Rim | I7: #N/A | J7: BIG | K7: 0.0857 | L7: DONE
A8: 224362 | B8: HD20251365B | C8: 224362.HD20251365B | D8: 41 | E8: 36 | F8: 4 | G8: 0.111 | H8: Full Rim | I8: #N/A | J8: BIG/SMALL | K8: 0.0278 | L8: DONE
A9: 245913 | B9: FKS26218I | C9: 245913.FKS26218I | D9: 43 | E9: 39 | F9: 4 | G9: 0.103 | H9: Full Rim | I9: #N/A | J9: BIG | K9: 0.075 | L9: DONE
A10: 243868 | B10: IN026062702E | C10: 243868.IN026062702E | D10: 43 | E10: 42 | F10: 4 | G10: 0.095 | H10: Full Rim | I10: #N/A | J10: BIG | K10: 0.0714 | L10: DONE
A11: 209756 | B11: LSK26062202-A2 | C11: 209756.LSK26062202-A2 | D11: 55 | E11: 53 | F11: 5 | G11: 0.094 | H11: Full Rim | I11: #N/A | J11: BIG | K11: 0.0727 | L11: DONE
A12: 210433 | B12: FKS26205K | C12: 210433.FKS26205K | D12: 179 | E12: 159 | F12: 14 | G12: 0.088 | H12: Full Rim | I12: #N/A | J12: BIG | K12: 0.0552 | L12: DONE
A13: 239021 | B13: FKS26217N | C13: 239021.FKS26217N | D13: 51 | E13: 48 | F13: 4 | G13: 0.083 | H13: Full Rim | I13: #N/A | J13: BIG | K13: 0.0816 | L13: DONE
... A19: 210433 | B19: FKS26198P | C19: 210433.FKS26198P | D19: 70 | E19: 69 | F19: 4 | G19: 0.058 | H19: Full Rim | I19: #N/A | J19: BIG | K19: 0.0571 | L19: DONE

Sheet 21-24 AUG
A1: frame_product_id | B1: invoice | C1: vendor_invoice | D1: PID.INVOICE | E1: Total Items | F1: QC Done (DOT) | G1: MEI Fail (DOT) | H1: MEI Fail % (DOT) | I1: big | J1: small | K1: chip | L1: issue | M1: PERCENTAGE | N1: FRAME TYPE | O1: STATUS
A2: 234768 | B2: IRJ127B2C0002027 | C2: IRJ127B2C0002027 | D2: 234768.IRJ127B2C0002027 | E2: 21 | F2: 22 | G2: 17 | H2: 0.773 | I2: 0.0357 | J2: 0.5714 | K2: 0.0357 | L2: SMALL | M2: 0.5714 | N2: Full Rim | O2: done
A3: 237153 | B3: TOD-22973D | C3: TOD-22973D | D3: 237153.TOD-22973D | E3: 9 | F3: 8 | G3: 6 | H3: 0.75 | I3: 0 | J3: 0.5 | K3: 0 | L3: SMALL | M3: 0.5 | N3: Full Rim | O3: done
A4: 236096 | B4: IHR127B2C0003725 | C4: IHR127B2C0003725 | D4: 236096.IHR127B2C0003725 | E4: 23 | F4: 18 | G4: 10 | H4: 0.556 | I4: 0 | J4: 0.45 | K4: 0 | L4: SMALL | M4: 0.45 | N4: Full Rim | O4: done
A5: 234791 | B5: IRJ127B2C0002154 | C5: IRJ127B2C0002154 | D5: 234791.IRJ127B2C0002154 | E5: 63 | F5: 56 | G5: 24 | H5: 0.429 | I5: 0.169 | J5: 0.2676 | K5: 0 | L5: SMALL | M5: 0.2676 | N5: Full Rim | O5: done
A6: 234804 | B6: IRJ127B2C0002031 | C6: IRJ127B2C0002031 | D6: 234804.IRJ127B2C0002031 | E6: 156 | F6: 141 | G6: 49 | H6: 0.348 | I6: 0.0407 | J6: 0.2616 | K6: 0 | L6: SMALL | M6: 0.2616 | N6: Full Rim | O6: done
A7: 225336 | B7: IRJ127B2C0000539 | C7: IRJ127B2C0000539 | D7: 225336.IRJ127B2C0000539 | E7: 22 | F7: 23 | G7: 7 | H7: 0.304 | I7: 0 | J7: 0.2593 | K7: 0 | L7: SMALL | M7: 0.2593 | N7: Full Rim | O7: done
A8: 234804 | B8: IRJ127B2C0002022 | C8: IRJ127B2C0002022 | D8: 234804.IRJ127B2C0002022 | E8: 24 | F8: 21 | G8: 7 | H8: 0.333 | I8: 0.04 | J8: 0.2 | K8: 0 | L8: SMALL | M8: 0.2 | N8: Full Rim | O8: done
A9: 246240 | B9: LSK26072202-A3 | C9: LSK26072202-A3 | D9: 246240.LSK26072202-A3 | E9: 81 | F9: 76 | G9: 24 | H9: 0.316 | I9: 0.0645 | J9: 0.1935 | K9: 0.1075 | L9: SMALL | M9: 0.1935 | N9: Full Rim | O9: done
A10: 234791 | B10: IRJ127B2C0001913 | C10: IRJ127B2C0001913 | D10: 234791.IRJ127B2C0001913 | E10: 21 | F10: 18 | G10: 8 | H10: 0.444 | I10: 0.1724 | J10: 0.1724 | K10: 0 | L10: BIG/SMALL | M10: 0.1724 | N10: Full Rim | O10: done
A11: 238757 | B11: 26WLS-309E | C11: 26WLS-309E | D11: 238757.26WLS-309E | E11: 24 | F11: 19 | G11: 5 | H11: 0.263 | I11: 0.125 | J11: 0.125 | K11: 0.0417 | L11: BIG/SMALL | M11: 0.125 | N11: Full Rim | O11: done
A12: 225336 | B12: IRJ127B2C0000270 | C12: IRJ127B2C0000270 | D12: 225336.IRJ127B2C0000270 | E12: 17 | F12: 17 | G12: 7 | H12: 0.412 | I12: 0.2857 | J12: 0.0952 | K12: 0 | L12: BIG/SMALL | M12: 0.2857 | N12: Full Rim | O12: done
A13: 234791 | B13: IRJ127B2C0002022 | C13: IRJ127B2C0002022 | D13: 234791.IRJ127B2C0002022 | E13: 123 | F13: 120 | G13: 7 | H13: 0.058 | I13: 0.0076 | J13: 0.0833 | K13: 0.0152 | L13: SMALL | M13: 0.0833 | N13: Full Rim | O13: done
... A32: 236092 | B32: IHR127B2C0001165 | C32: IHR127B2C0001165 | D32: 236092.IHR127B2C0001165 | E32: 126 | F32: 115 | G32: 8 | H32: 0.07 | I32: 0.0656 | J32: 0 | K32: 0.0082 | L32: BIG | M32: 0.0656 | N32: Full Rim | O32: done

Sheet 25AUG-2SEP
A1: pid.invoice | B1: Total Items | C1: QC Done (DOT) | D1: MEI Fail (DOT) | E1: MEI Fail % (DOT) | F1: reason | G1: percentage | H1: FRAME TYPE | I1: STATUS
A2: 234793.CIN-000001870615 | B2: 16 | C2: 12 | D2: 12 | E2: 1 | F2: SMALL | G2: 0.8 | H2: Full Rim | I2: DONE
A3: 237153.TOD-22973D | B3: 54 | C3: 45 | D3: 37 | E3: 0.822 | F3: SMALL | G3: 0.5758 | H3: Full Rim | I3: DONE
A4: 234791.IRJ127B2C0002154 | B4: 57 | C4: 48 | D4: 26 | E4: 0.542 | F4: SMALL | G4: 0.5098 | H4: Full Rim | I4: DONE
A5: 234768.IRJ127B2C0002027 | B5: 76 | C5: 67 | D5: 50 | E5: 0.746 | F5: SMALL | G5: 0.4796 | H5: Full Rim | I5: DONE
A6: 246823.26WLS-359A | B6: 35 | C6: 25 | D6: 13 | E6: 0.52 | F6: SMALL | G6: 0.4359 | H6: Full Rim | I6: DONE
A7: 246815.26WLS-359A | B7: 27 | C7: 27 | D7: 12 | E7: 0.444 | F7: SMALL | G7: 0.3793 | H7: Full Rim | I7: DONE
A8: 225336.IRJ127B2C0001005 | B8: 40 | C8: 41 | D8: 21 | E8: 0.512 | F8: SMALL | G8: 0.3704 | H8: Full Rim | I8: DONE
A9: 218967.IRJ127B2C0001805 | B9: 21 | C9: 20 | D9: 6 | E9: 0.3 | F9: SMALL | G9: 0.3333 | H9: Full Rim | I9: DONE
A10: 242597.FKS26263D | B10: 51 | C10: 47 | D10: 12 | E10: 0.255 | F10: SMALL | G10: 0.2653 | H10: Full Rim | I10: DONE
A11: 225336.IRJ127B2C0000212 | B11: 17 | C11: 14 | D11: 5 | E11: 0.357 | F11: SMALL | G11: 0.2222 | H11: Full Rim | I11: DONE
A12: 242597.FKS26263E | B12: 51 | C12: 51 | D12: 12 | E12: 0.235 | F12: SMALL | G12: 0.193 | H12: Full Rim | I12: DONE
A13: 234791.IRJ127B2C0002097 | B13: 118 | C13: 113 | D13: 16 | E13: 0.142 | F13: SMALL | G13: 0.1692 | H13: Full Rim | I13: DONE
... A58: 241100.IRJ127B2C0002300 | B58: 138 | C58: 139 | D58: 7 | E58: 0.05 | F58: BIG | G58: 0.047 | H58: Full Rim | I58: DONE

Sheet 2-4 SEP
A1: PID.INVOICE | B1: Total Items | C1: QC Done (DOT) | D1: MEI Fail (DOT) | E1: MEI Fail % (DOT) | F1: FRAME TYPE | G1: ISSUE | H1: Percentage | I1: STATUS
A2: 204382.LM2639D | B2: 10 | C2: 7 | D2: 5 | E2: 0.714 | F2: Full Rim | G2: BIG | H2: 0.375 | I2: DONE
A3: 246018.LSK26072102-A2 | B3: 40 | C3: 38 | D3: 6 | E3: 0.158 | F3: Full Rim | G3: BIG | H3: 0.1053 | I3: DONE
A4: 245915.FKS26272 | B4: 42 | C4: 37 | D4: 4 | E4: 0.108 | F4: Full Rim | G4: BIG | H4: 0.0526 | I4: DONE
A5: 221172.FKS26289E | B5: 58 | C5: 55 | D5: 5 | E5: 0.091 | F5: Full Rim | G5: BIG | H5: 0.0364 | I5: DONE
A6: 227454.263099-K | B6: 60 | C6: 58 | D6: 6 | E6: 0.103 | F6: Full Rim | G6: BIG | H6: 0.0508 | I6: DONE
A7: 245911.FKS26201I | B7: 67 | C7: 63 | D7: 4 | E7: 0.063 | F7: Full Rim | G7: BIG | H7: 0.0317 | I7: DONE
A8: 137974.FKS26209D | B8: 141 | C8: 130 | D8: 8 | E8: 0.062 | F8: Full Rim | G8: BIG | H8: 0.0376 | I8: DONE
A9: 201103.26WLS-379C | B9: 90 | C9: 86 | D9: 5 | E9: 0.058 | F9: Full Rim | G9: BIG | H9: 0.0349 | I9: DONE
A10: 137971.FKS26228F | B10: 52 | C10: 49 | D10: 4 | E10: 0.082 | F10: Full Rim | G10: BIG | H10: 0.0727 | I10: DONE
A11: 221176.FKS26201E | B11: 50 | C11: 49 | D11: 4 | E11: 0.082 | F11: Full Rim | G11: BIG | H11: 0.0612 | I11: DONE
A12: 241079.IRJ127B2C0001441 | B12: 30 | C12: 29 | D12: 4 | E12: 0.138 | F12: Full Rim | G12: BIG | H12: 0.1379 | I12: DONE
A13: 242174.LSK26071701-A6 | B13: 29 | C13: 28 | D13: 4 | E13: 0.143 | F13: Full Rim | G13: BIG | H13: 0.1429 | I13: DONE
... A28: 237932.IRJ127B2C0001035 | B28: 4 | C28: 4 | D28: 4 | E28: 1 | F28: Full Rim | G28: SMALL | H28: 0.6667 | I28: DONE
A29: 204348.LM2639B | B29: 98 | C29: 95 | D29: 5 | E29: 0.053 | F29: Full Rim | G29: WRONG SHAPE | H29: 0.0313
A30: 222272.26L151D | B30: 52 | C30: 53 | D30: 4 | E30: 0.075 | F30: Full Rim | G30: WRONG SHAPE | H30: 0.0182
A31: 236141.26L123F | B31: 66 | C31: 63 | D31: 4 | E31: 0.063 | F31: Full Rim | G31: WRONG SHAPE | H31: 0.0159
A32: 137971.FKS26291H | B32: 73 | C32: 72 | D32: 4 | E32: 0.056 | F32: Full Rim | G32: WRONG SHAPE | H32: 0.0395

Sheet 2-7SEP
A1: PID.INVOICE | B1: Total Items | C1: QC Done (DOT) | D1: MEI Fail (DOT) | E1: MEI Fail % (DOT) | F1: First frame_type | G1: ISSUE | H1: PERCENTAGE | I1: STATUS
A2: 244411.GLS-20260628-B | B2: 15 | C2: 14 | D2: 5 | E2: 0.357 | F2: Full Rim | G2: BIG | H2: 0.2778
A3: 245914.FKS26289A | B3: 34 | C3: 32 | D3: 5 | E3: 0.156 | F3: Full Rim | G3: BIG | H3: 0.1143
A4: 241114.IRJ127B2C0002472 | B4: 46 | C4: 45 | D4: 7 | E4: 0.156 | F4: Full Rim | G4: BIG | H4: 0.1587
A5: 227450.263099-K | B5: 37 | C5: 33 | D5: 5 | E5: 0.152 | F5: Full Rim | G5: BIG | H5: 0.0857
A6: 220721.INSI-26-192084 | B6: 43 | C6: 41 | D6: 6 | E6: 0.146 | F6: Full Rim | G6: BIG | H6: 0.0732
A7: 242175.LSK26071701-A4 | B7: 37 | C7: 36 | D7: 5 | E7: 0.139 | F7: Full Rim | G7: BIG | H7: 0.0556
A8: 235135.IN026072701B | B8: 82 | C8: 77 | D8: 8 | E8: 0.104 | F8: Full Rim | G8: BIG | H8: 0.0759
A9: 241117.IRJ127B2C0002430 | B9: 71 | C9: 70 | D9: 7 | E9: 0.1 | F9: Full Rim | G9: BIG | H9: 0.0704
A10: 221282.LSK26062202-A6 | B10: 54 | C10: 53 | D10: 5 | E10: 0.094 | F10: Full Rim | G10: BIG | H10: 0.0741
A11: 221165.FKS26201E | B11: 54 | C11: 55 | D11: 5 | E11: 0.091 | F11: Full Rim | G11: BIG | H11: 0.0727
A12: 245912.FKS26218I | B12: 130 | C12: 125 | D12: 10 | E12: 0.08 | F12: Full Rim | G12: BIG | H12: 0.0462
A13: 210178.FKS26236 | B13: 76 | C13: 77 | D13: 6 | E13: 0.078 | F13: Full Rim | G13: BIG | H13: 0.0506
... A46: 243867.IN026072402J | B46: 118 | C46: 108 | D46: 7 | E46: 0.065 | F46: Full Rim | G46: WRONG SHAPE | H46: 0.0268

Sheet 8-9 SEP
A1: PID.INVOICE | B1: Total Items | C1: Dot Invoice % | D1: QC Done (DOT) | E1: MEI Fail (DOT) | F1: MEI Fail % (DOT) | G1: First frame_type | H1: BIG | I1: SMALL | J1: CHIP | K1: WRONG SHAPE | L1: SCRATCH | M1: ISSUE | N1: PERCENTAGE
A2: 242762.IN26054K | B2: 4 | C2: 0.24 | D2: 5 | E2: 3 | F2: 0.6 | G2: Full Rim | H2: 0.3333 | I2: 0.1667 | J2: 0 | K2: 0 | L2: 0 | M2: BIG | N2: 0.3333
A3: 241121.IRJ127B2C0002397 | B3: 17 | C3: 1 | D3: 16 | E3: 5 | F3: 0.313 | G3: Full Rim | H3: 0.2222 | I3: 0 | J3: 0 | K3: 0.0556 | L3: 0.0556 | M3: BIG | N3: 0.2222
A4: 244415.GLS-20260610-B | B4: 14 | C4: 0.58 | D4: 14 | E4: 3 | F4: 0.214 | G4: Full Rim | H4: 0.2143 | I4: 0 | J4: 0 | K4: 0 | L4: 0.0714 | M4: BIG | N4: 0.2143
A5: 235135.IN026072701B | B5: 29 | C5: 0.73 | D5: 23 | E5: 3 | F5: 0.13 | G5: Full Rim | H5: 0.125 | I5: 0 | J5: 0 | K5: 0 | L5: 0 | M5: BIG | N5: 0.125
A6: 243674.FKS26197M | B6: 23 | C6: 1 | D6: 22 | E6: 3 | F6: 0.136 | G6: Full Rim | H6: 0.0909 | I6: 0.0455 | J6: 0 | K6: 0 | L6: 0 | M6: BIG | N6: 0.0909
A7: 246865.FKS26210F | B7: 39 | C7: 0.68 | D7: 35 | E7: 3 | F7: 0.086 | G7: Full Rim | H7: 0.0833 | I7: 0 | J7: 0 | K7: 0 | L7: 0.0278 | M7: BIG | N7: 0.0833
A8: 149037.26WLS-314I | B8: 44 | C8: 0.9 | D8: 42 | E8: 3 | F8: 0.071 | G8: Full Rim | H8: 0.0714 | I8: 0 | J8: 0 | K8: 0 | L8: 0.0476 | M8: BIG | N8: 0.0714
A9: 242286.FKS26309C | B9: 72 | C9: 0.89 | D9: 70 | E9: 4 | F9: 0.057 | G9: Full Rim | H9: 0.0571 | I9: 0 | J9: 0.0143 | K9: 0 | L9: 0.0286 | M9: BIG | N9: 0.0571
A10: 219823.LSK26070602-A4 | B10: 91 | C10: 0.57 | D10: 91 | E10: 8 | F10: 0.088 | G10: Full Rim | H10: 0.0543 | I10: 0 | J10: 0.0435 | K10: 0.0109 | L10: 0.0109 | M10: BIG | N10: 0.0543
A11: 210178.FKS26236 | B11: 59 | C11: 0.66 | D11: 56 | E11: 3 | F11: 0.054 | G11: Full Rim | H11: 0.0351 | I11: 0 | J11: 0 | K11: 0.0175 | L11: 0.0175 | M11: BIG | N11: 0.0351
A12: 138420.26WLS-331K | B12: 48 | C12: 0.87 | D12: 42 | E12: 4 | F12: 0.095 | G12: Full Rim | H12: 0.0638 | I12: 0 | J12: 0.0638 | K12: 0 | L12: 0.0426 | M12: BIG/CHIP | N12: 0.0638
A13: 201104.26WLS-148D | B13: 25 | C13: 0.21 | D13: 25 | E13: 4 | F13: 0.16 | G13: Full Rim | H13: 0.08 | I13: 0.04 | J13: 0 | K13: 0.04 | L13: 0.16 | M13: BIG/SCRATCH | N13: 0.16
... A45: 222135.KC078260604 | B45: 35 | C45: 0.36 | D45: 34 | E45: 3 | F45: 0.088 | G45: Full Rim | H45: 0.0294 | I45: 0.0294 | J45: 0 | K45: 0.0294 | L45: 0 | M45: WRONG | N45: 0.0294
